2,"Jalan Istana Lama"
2,"Jalan Kampung Baru"
2,"Jalan Kanchut"
2,"Jalan Kolam"
2,"Jalan Kolam Air"
2,"Jalan Kota"
2,"Jalan Limbong Kapal"
2,"Jalan Mahdali"
2,"Jalan Mahsuri"
2,"Jalan Malinja"
2,"Jalan Market Cina"
2,"Jalan Nagor"
2,"Jalan Pekan China"
2,"Jalan Pekan Melayu"
2,"Jalan Pengkalan Kapal"
2,"Jalan Penjara Lama"
2,"Jalan SetiaJaya"
2,"Jalan Stesyen"
2,"Jalan Tunku Ibrahim"
2,"Kompleks Jalan Raja"
2,"Kuala Sanglang (Perlis)"
2,"Lorong Merah"
2,"Lorong Padi"
2,"Lorong Puteh"
2,"Lorong Puyoh"
2,"Lorong Setar"
2,"Lorong Tangki"
2,"Lorong Thean Kee"
2,"Lorong Timur"
2,"Menara MPKS"
2,"Pekan Cina"
2,"Pekan Melayu"
2,"Pengkalan Kapal"
2,"Wisma Darulaman"
2,"Wisma Persekutuan"
2,"Wisma PKNK"
2,"Jalan Ampang Jajar"
2,"Jalan Bunga Raya"
2,"Jalan Bunga Raya Hujung"
2,"Jalan Cahaya"
2,"Jalan Inai"
2,"Jalan Kilang Tebu"
2,"Jalan Kota Tanah"
2,"Jalan Pegawai"
2,"Jalan Sultan Badlishah"
2,"Jalan Teratai Jingga"
2,"Kampung Benggali"
2,"Kampung Dahlia"
2,"Kampung Kastam"
2,"Kampung Kilang Tebu"
2,"Kampung Padang"
2,"Kampung Peremba"
2,"Kampung Piew"
2,"Kampung Seberang Perak"
2,"Komplek Perniagaan Sultan A.Hamid"
2,"Lorong Air Puteh"
2,"Lorong Bertam"
2,"Lorong Bidara"
2,"Lorong Chempaka"
2,"Lorong Dahlia"
2,"Lorong Hilir"
2,"Lorong Kemuning"
2,"Lorong Kenanga"
2,"Lorong Melati"
2,"Lorong Melor"
2,"Lorong Nipah"
2,"Lorong Nyior Setali"
2,"Lorong Padang"
2,"Lorong Peremba"
2,"Lorong Peteri"
2,"Lorong Rose"
2,"Lorong Tongkang Yard"
2,"Seberang Perak"
2,"Taman Abdul Aziz"
2,"Taman Air Puteh"
2,"Taman Anggerik"
2,"Taman Bahagia"
2,"Taman Berjaya"
2,"Taman Bunga Raya"
2,"Taman Cemara"
2,"Taman Datin Nurulkiah"
2,"Taman Desa"
2,"Taman Hartamas"
2,"Taman Hujung Bunga Raya"
2,"Taman Inai"
2,"Taman Komuda"
2,"Taman Lam Fong"
2,"Taman Malik"
2,"Taman Nurul Kiah"
2,"Taman Nyior Setali"
2,"Taman Purnama (1 & 2)"
2,"Taman Ria"
2,"Taman Selamat"
2,"Taman Seri Aman"
2,"Taman Seri Ampang"
2,"Taman Seri Bandar"
2,"Taman Seri Indah"
2,"Taman Seri Jaya"
2,"Taman Seri Manis"
2,"Taman Setia (A - D)"
2,"Taman Sinaran"
2,"Taman Sultan Badlishah"
2,"Taman Teratai Jingga"
2,"Tongkang Yard"
2,"Jalan Bakar Bata"
2,"Jalan Kampung Perak"
2,"Jalan Kampung Pisang"
2,"Jalan Kolam Renang"
2,"Jalan Loh Joh Huat"
2,"Jalan Lumpur"
2,"Jalan Mahkota"
2,"Jalan Menanti"
2,"Jalan Nuri"
2,"Jalan Pintu Sepuluh"
2,"Jalan Sekerat"
2,"Jalan Serai"
2,"Jalan Stadium"
2,"Jalan Tambang Badak"
2,"Jalan Telok Sena"
2,"Jalan Tengah"
2,"Jalan Tengku Habsah"
2,"Jalan Terang"
2,"Jalan Tunku Abdul Halim"
2,"Jalan Yakin"
2,"Kampung Belakang Stadium"
2,"Lebuhraya Darulaman"
2,"Lorong Asap"
2,"Lorong Balai Jam"
2,"Lorong Bayan"
2,"Lorong Delima"
2,"Lorong Joo Huat"
2,"Lorong Kampung Pisang"
2,"Lorong Kelompang"
2,"Lorong Liku"
2,"Lorong Mahdali"
2,"Lorong Mahkota"
2,"Lorong Nuri"
2,"Lorong Pekaka"
2,"Lorong Peringgi"
2,"Lorong Pipit"
2,"Lorong Rambang"
2,"Lorong Seberang Perak"
2,"Lorong Sena"
2,"Lorong Serai"
2,"Lorong Sukaramai"
2,"Lorong Sungai"
2,"Lorong Tengah"
2,"Lorong Terang"
2,"Lorong Titi Siam"
2,"Lorong Watt Siam"
2,"Sempadan Sungai Anak Bukit"
2,"Taman Alor Malai"
2,"Taman Darulaman"
2,"Taman Habsah"
2,"Taman Jaya Kami"
2,"Taman Loh Joo Huat"
2,"Taman Mahkota"
2,"Taman Seri Idaman"
2,"Taman Stadium"
2,"Taman Tunku Majid"
2,"Alor Melintang Anak"
2,"Alor Melintang Gunung"
2,"Bangunan Asas Jaya"
2,"Flat Tok Batin"
2,"Gunung Sali"
2,"Jalan Emas"
2,"Jalan Gangsa"
2,"Jalan Kampung Berjaya"
2,"Jalan Lengkongan Barat"
2,"Jalan Pendidikan"
2,"Jalan Perak"
2,"Jalan Putera"
2,"Jalan Putih"
2,"Jalan Seberang Putera Kanan"
2,"Jalan Seberang Putera Kiri"
2,"Jalan Seberang Terus"
2,"Jalan Teluk Yan"
2,"Jalan Tembaga"
2,"Jalan Tuanku Abdul Rahman"
2,"Jalan Utara"
2,"Kampung Alor Berah"
2,"Kampung Alor Gunong"
2,"Kampung Alor Madi"
2,"Kampung Alor Melintang"
2,"Kampung Alor Pasir"
2,"Kampung Alor Pea"
2,"Kampung Berjaya"
2,"Kampung Chegar"
2,"Kampung Gunung Sali"
2,"Kampung Gunung Sau"
2,"Kampung Jerangan"
2,"Kampung Kelompang (Mergong)"
2,"Kampung Kilang"
2,"Kampung Legar Pantai Johor"
2,"Kampung Lubok Peringgi"
2,"Kampung Pulau Kerengga"
2,"Kampung Seberang Anak Bukit"
2,"Kampung Seberang Kelompang"
2,"Kampung Seberang Nyonya"
2,"Kampung Seberang Pantai Johor"
2,"Kampung Seberang Pumpong"
2,"Kampung Seberang Terus"
2,"Kampung Simpang Empat Gunong"
2,"Kampung Suka Menanti"
2,"Kampung Sungai Baru"
2,"Kampung Sungai Baru Hilir"
2,"Kampung Sungai Baru Tengah"
2,"Kampung Tanjong Bedil"
2,"Kampung Tanjung"
2,"Kampung Telok Yan"
2,"Kampung Tok Ku Kiah"
2,"Kampung Wadilhana"
2,"Kompleks Perniagaan Utama"
2,"Lorong 1 - 8 (Kampung Berjaya)"
2,"Lorong Emas"
2,"Lorong Kampung Berjaya"
2,"Lorong Perak"
2,Mergong
2,"Mukim Pumpung"
2,"Seberang Cegar"
2,"Seberang Jalan Putera"
2,"Seberang Putra"
2,"Seberang Tambang Badak"
2,"Sungai Baru Gunung"
2,"Sungai Baru Tengah"
2,"Sungai Baru Tok Keramat"
2,"Taman Aman"
2,"Taman Barat"
2,"Taman Bawai"
2,"Taman Desa Anggerik"
2,"Taman Desa Impiana"
2,"Taman Emas"
2,"Taman Gemilang"
2,"Taman Industri Ringan"
2,"Taman Kancil"
2,"Taman Kelisa"
2,"Taman Kelisa Emas"
2,"Taman Kenanga"
2,"Taman Kita"
2,"Taman Kristal"
2,"Taman Mahawangsa"
2,"Taman Merah Jambu"
2,"Taman Mergong Indah"
2,"Taman Mergong Jaya"
2,"Taman Pandan"
2,"Taman Pelangi"
2,"Taman Pemodal"
2,"Taman Rakyat"
2,"Taman Rakyat (Seberang Jalan Putra)"
2,"Taman Seberang (Jalan Putra)"
2,"Taman Selatan"
2,"Taman Selayang"
2,"Taman Senangin"
2,"Taman Serampang (1 & 2)"
2,"Taman Seri Empangan"
2,"Taman Seri Impian"
2,"Taman Seri Indah (Mergong)"
2,"Taman Seri Menanti"
2,"Taman Sri Puyu"
2,"Taman Talapia"
2,"Taman Thean Peng"
2,"Taman Timah"
2,"Taman Tunku Jabor"
2,"Taman Utama"
2,"Tanjong Bedil"
2,"Jalan Ambar"
2,"Jalan Gunong"
2,"Jalan Taman Lum Sun"
2,"Jalan Teluk Wanjah"
2,"Jalan Teluk Wanjah Kiri"
2,"Jalan Tun Abdul Razak"
2,"Kampung Kubur"
2,"Kampung Tok Bidan"
2,"Kampung Tok Murad"
2,"Lorong Aman"
2,"Lorong Bentara"
2,"Lorong Datok Keramat"
2,"Lorong Dewan"
2,"Lorong Laksamana"
2,"Lorong Lintang"
2,"Lorong Merpati"
2,"Lorong Pahlawan"
2,"Lorong Panglima"
2,"Lorong Pendekar"
2,"Lorong Petani"
2,"Lorong Pewira"
2,"Lorong Seri Kedah"
2,"Lorong Shariff"
2,"Lorong Temenggong"
2,"Lorong Tiong"
2,"Lorong Tok Bidan"
2,"Menara Zakat"
2,"Sempadan Jalan Keretapi"
2,"Taman Ambar"
2,"Taman Desa Kenangan"
2,"Taman Hup Huat"
2,"Taman Kenari Biru"
2,"Taman Koperasi"
2,"Taman Lam Sun"
2,"Taman Mawar"
2,"Taman Merbok"
2,"Taman Mercu Jaya"
2,"Taman PKNK"
2,"Taman Sentosa (Telok Wanjah)"
2,"Taman Seri Ilham"
2,"Taman Seroja"
2,"Taman Setia Berjaya"
2,"Taman Suria Jaya"
2,"Taman Syed Omar"
2,"Alor Merah"
2,"Jalan Alor Semadum"
2,"Jalan Datuk Syed Ahmad"
2,"Jalan Hujong Alor Merah"
2,"Jalan Kelab Kedah"
2,"Jalan Lorong Kilang Kopi"
2,"Jalan Lumba Kuda"
2,"Jalan Mayang"
2,"Jalan Mentaloon"
2,"Jalan Menteri"
2,"Jalan Pumpong"
2,"Jalan Sekolah"
2,"Jalan Seri Taman"
2,"Jalan Taman Golf"
2,"Jalan Taman Malaysia"
2,"Jalan Terus"
2,"Jalan Tun Syed Sheikh Shahbudin"
2,"Jalan Tunku Bendahara"
2,"Kampung Alor Semadun"
2,"Kampung Alur Malai"
2,"Kampung Haji Saoud"
2,"Kampung Hashim Lebai Din"
2,"Kampung Hujong Alor Merah"
2,"Kampung KCS"
2,"Kampung Mentalon"
2,"Lorong Alor Semadom"
2,"Lorong Haji Bahar"
2,"Lorong Madrasah"
2,"Lorong Penjara"
2,"Lorong Seri Taman"
2,"Lorong Suria"
2,"Lorong Terus"
2,"Pantai Johor"
2,Pumpong
2,"Taman Golf"
2,"Taman Lumba Kuda"
2,"Taman Malaysia"
2,"Taman Pumpong"
2,"Taman Seri Amar Di Raja"
2,"Taman Seri Mentalon"
2,"Taman Seri Pantai"
2,"Taman Suria"
2,"Jalan Alor Melong"
2,"Jalan Datok Kumbar"
2,"Jalan Kampung Tanjung Bendahara"
2,"Jalan Tanjong Bendahara"
2,"Kampung Alor Buloh"
2,"Kampung Alor Gandak"
2,"Kampung Alor Melong"
2,"Kampung Alor Semela"
2,"Kampung Alor Teja"
2,"Kampung Chepoh"
2,"Kampung Derga"
2,"Kampung Gelam"
2,"Kampung Gerigis"
2,"Kampung Jalan Dato Kumbar"
2,"Kampung Kubang Buaya"
2,"Kampung Pengapit Batu"
2,"Kampung Sakan"
2,"Kampung Tanjong Bendahara"
2,"Kampung Tanjong Seri"
2,"Lorong Asma"
2,"Lorong Bendahara"
2,"Lorong Bersatu"
2,"Lorong Derga"
2,"Lorong Ganding"
2,"Lorong Gedebang"
2,"Lorong Haji Mohd Ali"
2,"Lorong Keriang"
2,"Lorong Pauh"
2,"Lorong Seri"
2,"Lorong Seri Ujong"
2,"Lorong Shangmugam"
2,"Lorong Tanjong"
2,"Taman Damai"
2,"Taman Intan"
2,"Taman Kenari Merah (Telok Wanjah)"
2,"Taman Kolej"
2,"Taman Nuri"
2,"Taman Putra Jaya"
2,"Taman Seri Belimbing"
2,"Taman Seri Tanjong"
2,"Taman Sultan Abdul Halim"
2,"Taman Tanjung Bendahara"
2,"Hutan Kampung"
2,"Jalan Dato Syed Mohamed"
2,"Jalan Fajar"
2,"Jalan Hutan Kampung"
2,"Jalan Kencana (Taman Muhibbah)"
2,"Jalan Masjid Lama"
2,"Jalan Sultanah"
2,"Jalan Syed Mohamed"
2,"Kampung Belukar"
2,"Kampung Bohor"
2,"Kampung Dalam Kota"
2,"Kampung Darat"
2,"Kampung Hilir"
2,"Kampung Hutan Kandeh"
2,"Kampung Hutan Pulai"
2,"Kampung Kandang Kuda"
2,"Kampung Kubang Lintah"
2,"Kampung Kubang Tampang"
2,"Kampung Maseh"
2,"Kampung Masjid Lama"
2,"Kampung Pengkalan Keriang"
2,"Kampung Pulai"
2,"Kampung Tebu (Hutan Kampung)"
2,"Kampung Tok Kassim"
2,"Kampung Tok Resat"
2,"Kampung Tok Sakar"
2,Lepai
2,"Lorong Bayu"
2,"Lorong Kampung Padang"
2,"Lorong Pelangi"
2,"Lorong Syed Mohd"
2,"Taman Bayu"
2,"Taman Bayu Baru"
2,"Taman Cahaya"
2,"Taman Dato Syed Omar"
2,"Taman Fajar"
2,"Taman Hidayah"
2,"Taman Jalan Sultanah"
2,"Taman Muhibbah"
2,"Taman Mulia"
2,"Taman Mustika"
2,"Taman Mutiara"
2,"Taman Nabira"
2,"Taman Rakyat"
2,"Taman Sara"
2,"Taman Senangin"
2,"Taman Syed Mohamed"
2,"Taman Tunku Abdul Rahman"
2,"Taman Uda"
2,"Alor Gelegah"
2,"Alor Selut"
2,"Bangunan Peruda (Seberang Perak)"
2,"Jalan Alor Mengkudu"
2,"Jalan Bulan"
2,"Jalan Dato Syed Omar"
2,"Jalan Kuala Kedah"
2,"Jalan Kundur"
2,"Jalan Masjid"
2,"Jalan Seberang Keretapi"
2,"Jalan Seberang Perak"
2,"Jalan Sungai Korok"
2,"Jalan Sungai Petani (Km 5)"
2,"Kampung Alor Belat"
2,"Kampung Alor Gelegah"
2,"Kampung Alor Keriang"
2,"Kampung Alor Mengkudu"
2,"Kampung Alor Pangsa"
2,"Kampung Alor Penyengat"
2,"Kampung Alor Selut"
2,"Kampung Alor Terong"
2,"Kampung Bok Bok"
2,"Kampung Ganding"
2,"Kampung Hutan Gelagah"
2,"Kampung Kebun Pinang"
2,"Kampung Kelompang (Mukim Derga)"
2,"Kampung Keriang Pulau"
2,"Kampung Kilat"
2,"Kampung Kolam"
2,"Kampung Kuala Alor"
2,"Kampung Lahar Buaya"
2,"Kampung Lehar Budi"
2,"Kampung Luar"
2,"Kampung Padang (Mukim Derga)"
2,"Kampung Padang Besar"
2,"Kampung Padang Capa"
2,"Kampung Padang Mengkudu"
2,"Kampung Padang Raja"
2,"Kampung Pegawai"
2,"Kampung Penghulu Hashim"
2,"Kampung Penghulu Lama"
2,"Kampung Pengkalan Putat"
2,"Kampung Seberang Alor (Tandop)"
2,"Kampung Selarong Lalang"
2,"Kampung Selarong Lalang Kanan"
2,"Kampung Selarong Lalang Kiri"
2,"Kampung Tanjong Bayam"
2,"Kampung Telok"
2,"Kampung Telok Bagan"
2,"Kampung Telok Kandih"
2,"Kampung Tengah (Teluk Bagan)"
2,"Kampung Titi Keling"
2,"Kampung Tok Jering"
2,"Kampung Tok Keling"
2,"Kampung Tok Layang"
2,"Kampung Tok Sabil"
2,"Kampung Tok Sadu"
2,"Kampung Tok Seron"
2,"Lebuhraya Sultan Abdul Halim"
2,"Lorong Batek"
2,"Lorong Kelab"
2,"Lorong Kilang Papan"
2,"Lorong Layang-Layang"
2,"Lorong Merdeka"
2,"Lorong Najjah"
2,"Lorong Siak"
2,"Lorong Tok Kong"
2,"Lorong Tunku Muhammad"
2,"Lorong Wan Muhammad Saman"
2,"Sempadan Sungai Kedah"
2,"Simpang Kuala"
2,"Taman Bee Bee"
2,"Taman Bersatu Jaya"
2,"Taman Dahlia"
2,"Taman Desa Barat"
2,"Taman Desa Damai"
2,"Taman Desa Kamalia"
2,"Taman Desa Wawasan"
2,"Taman Desarena"
2,"Taman Gunong Jerai"
2,"Taman Gunong Tahan"
2,"Taman Gunung Bayu B"
2,"Taman Gunung Inas"
2,"Taman Gunung Indah"
2,"Taman Gunung Perak"
2,"Taman Keranji (Jalan Alor Mengkudu)"
2,"Taman Kiara"
2,"Taman Mewah Jaya"
2,"Taman Padi Emas"
2,"Taman Pulasan"
2,"Taman Rasa Sayang"
2,"Taman Saga"
2,"Taman Sawa"
2,"Taman Selesa"
2,"Taman Sentosa"
2,"Taman Seri Bagan"
2,"Taman Seri Fajar"
2,"Taman Seri Mengkudu"
2,"Taman Seri Mewah"
2,"Taman Seri Taman"
2,"Taman Sophia"
2,"Taman Sopiah"
2,"Taman Sri Pagi"
2,"Taman Star"
2,"Taman Tengku Yakoob"
2,"Taman Titiwangsa"
2,Tandop
2,"Titi Keling"
2,"Alor Malai"
2,"Jalan Kampung Haji Burhan"
2,"Jalan Langgar"
2,"Jalan Raja"
2,"Jalan Tengku Ibrahim"
2,"Kampung Baru Alor Malai"
2,"Kampung Batu Tiga"
2,"Kampung Burhan"
2,"Kampung Che Poh"
2,"Kampung Macik Manjalara"
2,"Kampung Mak Chik"
2,"Kampung Sakar"
2,"Kampung Simpang Tiga (Langgar)"
2,"Kampung Tengah Padang"
2,"Kampung Tenteram"
2,"Lorong Haji Hassan"
2,"Lorong Kampung Borhan"
2,"Lorong Sepakat"
2,"Perumahan Awam Alor Malai"
2,"Taman Amal"
2,"Taman Ariff Jaya"
2,"Taman Cenderawasih"
2,"Taman Chenggal"
2,"Taman Dato Kumbar"
2,"Taman Datuk Jaya"
2,"Taman Delima"
2,"Taman Delima Jaya"
2,"Taman Derga Jaya"
2,"Taman Glorious"
2,"Taman Gloris"
2,"Taman Gunung Ledang (Jalan Kuala Kedah)"
2,"Taman Jati"
2,"Taman Jaya"
2,"Taman Kelana"
2,"Taman Kiara"
2,"Taman Malai"
2,"Taman Melor"
2,"Taman Mesra"
2,"Taman Mewah"
2,"Taman Nakishah"
2,"Taman Nilam"
2,"Taman Pulai Jaya"
2,"Taman Pulai Jaya Baru"
2,"Taman Puspa Kencana"
2,"Taman Raja Wali Indah"
2,"Taman Sahab"
2,"Taman Seri Derga"
2,"Taman Seri Mewah (Jalan Langar)"
2,"Taman Seri Permai"
2,"Taman Seri Setia"
2,"Taman Setia Jaya"
2,"Taman Shahab"
2,"Taman Soon Thye"
2,"Taman Tunku Husna"
2,"DYMM Sultan Kedah"
2,"Penyelia Bangunan Persekutuan"
2,"YAB Menteri Besar Kedah"
2,"Setiausaha Kerajaan Negeri"
2,"Biro Bantuan Guaman"
2,"Biro Pengaduan Awam"
2,"Mahkamah Tinggi"
2,"Amanah Raya Berhad"
2,"Penasihat Undang-Undang Negeri"
2,"Jabatan Perangkaan"
2,"Jabatan Pemegang Harta"
2,"Jabatan Perpaduan Negara"
2,"Jabatan Audit Negeri"
2,"Suruhanjaya Perkhidmatan Awam"
2,"Jabatan Sumber Manusia"
2,"Jabatan Kilang & Jentera"
2,"Jabatan Perhubungan Perusahaan"
2,"Jabatan Keselamatan Sosial (Perkeso)"
2,"Jabatan Imigresen"
2,"Jabatan Pendaftaran Negara"
2,"Jabatan Pendaftar Pertubuhan"
2,"Jabatan Pertahanan Awam"
2,"Jabatan Penjara"
2,"Ketua Polis Negeri"
2,"Jabatan Kebajikan Masyarakat"
2,"Jabatan Tanah Dan Galian"
2,"Jabatan Ukur & Pemetaan"
2,"Jabatan Kerja Air"
2,"Jabatan Kerja Raya"
2,"Hospital Alor Setar"
2,"Jabatan Kesihatan"
2,"Jabatan Penilaian Harta"
2,"Jabatan PerBendaharaan"
2,"Akauntan Negeri"
2,"Lembaga Hasil Dalam Negeri"
2,"Jabatan Pendidikan"
2,"Bahagian Perlesenan - Kementerian Penerangan"
2,"Jabatan Penerangan"
2,"Jabatan Penyiaran"
2,"Jabatan Pengangkutan Jalan"
2,"Pejabat Pentadbiran KTM (Alor Setar)"
2,"Jabatan Pendaftar Perniagaan"
2,"Jabatan Pengairan Dan Saliran"
2,"Jabatan Perikanan"
2,"Jabatan Haiwan"
2,"Jabatan Pertanian"
2,"Jabatan Perumahan Negara"
2,"Jabatan Perhutanan"
2,"Padi & Beras Nasional (Bernas)"
2,"Jabatan Perhilitan"
2,"Pos Malaysia Berhad"
2,"Telekom Malaysia Berhad"
2,"Tenaga Nasional Berhad"
2,"Pegawai Kemajuan Negeri"
2,"Majlis Perbandaran Kota Setar"
2,"Jabatan Agama Islam Kedah"
2,"Dewan Undangan Negeri"
2,"Suruhanjaya Pilihanraya Negeri"
2,"Jabatan Kastam & Eksais Di Raja"
2,"Alor Setar  - Peti surat 1 - 80"
2,"Alor Setar  - Peti surat 81 - 160"
2,"Alor Setar  - Peti surat 161 & ke atas"
2,"Alor Setar  - Beg berkunci"
2,Ason
2,"Bandar Baru Darulaman"
2,"Cherok Ketiak"
2,"Flat Kelubi"
2,"Guar Napai"
2,Jitra
2,"Jitra Jaya"
2,"Kampung Alor Batu"
2,"Kampung Alor Janggus"
2,"Kampung Alor Rambai"
2,"Kampung Alor Tok Chik"
2,"Kampung Aman"
2,"Kampung Ason"
2,"Kampung Bagan"
2,"Kampung Bagan Jeram"
2,"Kampung Banai"
2,"Kampung Baru Jeram"
2,"Kampung Bata"
2,"Kampung Batu 17 (Jalan Kodiang)"
2,"Kampung Belukar"
2,"Kampung Bemban"
2,"Kampung Bendang Dalam"
2,"Kampung Biak"
2,"Kampung Binjal"
2,"Kampung Budi"
2,"Kampung Bukit"
2,"Kampung Bukit Berangan"
2,"Kampung Bukit Beruas"
2,"Kampung Buluh Nipis"
2,"Kampung Celam"
2,"Kampung Celong"
2,"Kampung Changkat"
2,"Kampung Changkat Tok Raman"
2,"Kampung Chegar"
2,"Kampung Chegar Jeram"
2,"Kampung Cherok Latah"
2,"Kampung Cherok Mokan"
2,"Kampung Darat"
2,"Kampung Gelong Rambai"
2,"Kampung Guar Jeram"
2,"Kampung Guar Tanah Rancangan"
2,"Kampung Guar Tanah Rang"
2,"Kampung Hosba"
2,"Kampung Huma"
2,"Kampung Hutan Getah"
2,"Kampung Hutan Setali"
2,"Kampung Hutan Terabak"
2,"Kampung Iman"
2,"Kampung Jenalik"
2,"Kampung Jeram"
2,"Kampung Jerangan"
2,"Kampung Kandis"
2,"Kampung Kebun Jalil"
2,"Kampung Kelubi"
2,"Kampung Kemunting"
2,"Kampung Kepala Batu"
2,"Kampung Kepala Bukit"
2,"Kampung Ketul"
2,"Kampung Kota Mengkuang"
2,"Kampung Kota Rentang"
2,"Kampung Kubang Betong"
2,"Kampung Kubang Lembu"
2,"Kampung Kubang Lintah"
2,"Kampung Kubang Pasu"
2,"Kampung Kubu"
2,"Kampung Kun Luang"
2,"Kampung Lahar"
2,"Kampung Lama"
2,"Kampung Lembah"
2,"Kampung Lembah Abu"
2,"Kampung Lembah Arang"
2,"Kampung Lembah Bata"
2,"Kampung Lubok"
2,"Kampung Lubok Batu"
2,"Kampung Lubok Ipoh"
2,"Kampung Lubok Kawah"
2,"Kampung Macang"
2,"Kampung Makpap"
2,"Kampung Malau Jitra"
2,"Kampung Manggol"
2,"Kampung Matang Keriang"
2,"Kampung Matang Nibong"
2,"Kampung Matang Pinang"
2,"Kampung Muhibah"
2,"Kampung Napor"
2,"Kampung Natoi"
2,"Kampung Nongka"
2,"Kampung Padang Asam"
2,"Kampung Padang Asun"
2,"Kampung Padang Belanga"
2,"Kampung Padang Curah"
2,"Kampung Padang Lalang"
2,"Kampung Padang Luar"
2,"Kampung Padang Ludap"
2,"Kampung Padang Panjang"
2,"Kampung Padang Pekan"
2,"Kampung Padang Perahu"
2,"Kampung Pahana"
2,"Kampung Panchor"
2,"Kampung Pantai Halban"
2,"Kampung Parit Tok Lam"
2,"Kampung Pasir Tambun"
2,"Kampung Paya"
2,"Kampung Paya Kecut"
2,"Kampung Paya Kerchut"
2,"Kampung Paya Keriang"
2,"Kampung Paya Pulau Dudur"
2,"Kampung Paya Tok The"
2,"Kampung Pedang Pekan"
2,"Kampung Pelubang"
2,"Kampung Penia"
2,"Kampung Perupuk"
2,"Kampung Pochong"
2,"Kampung Pulau Capa"
2,"Kampung Pulau Kain"
2,"Kampung Pulau Kecil"
2,"Kampung Pulau Ketam"
2,"Kampung Pulau Maharaja"
2,"Kampung Pulau Nyior"
2,"Kampung Pulau Pak Ubin"
2,"Kampung Pulau Pisang"
2,"Kampung Pulau Timbul"
2,"Kampung Putat"
2,"Kampung Raja"
2,"Kampung Salib"
2,"Kampung Seberang Alor"
2,"Kampung Selarong"
2,"Kampung Sungai Baru"
2,"Kampung Tandop"
2,"Kampung Tandop Baru Matang Kena"
2,"Kampung Tanjong"
2,"Kampung Tanjong Kapor"
2,"Kampung Tanjong Putus"
2,"Kampung Tebing"
2,"Kampung Telok"
2,"Kampung Telok Ara"
2,"Kampung Telok Berangan"
2,"Kampung Telok Gelam"
2,"Kampung Telok Keluang"
2,"Kampung Telok Malik"
2,"Kampung Telok Nibong"
2,"Kampung Telok Tengiri"
2,"Kampung Temalang"
2,"Kampung Tengah"
2,"Kampung Titi Panjang"
2,"Kampung Tok Jalai"
2,"Kampung Tok Kesop"
2,"Kampung Tok Tambak"
2,"Kampung Tok Ya"
2,"Kampung Tualang"
2,"Kampung Wan Perah"
2,"Kampung Wang Tepus"
2,"Kolej Darulaman Height"
2,"Kota Mengkuang"
2,"Kota Siam"
2,"Lembah Arang"
2,Pelubang
2,"Pida 3 Batu 17"
2,"Taman Bahagia"
2,"Taman Bahagia 2"
2,"Taman Bersatu"
2,"Taman Bersatu 2"
2,"Taman Bunga Raya"
2,"Taman Cahaya"
2,"Taman Cempaka"
2,"Taman Chermai"
2,"Taman Damai Jaya"
2,"Taman Darulaman"
2,"Taman Darulaman Jaya (1 & 2)"
2,"Taman Delima"
2,"Taman Desa Damai"
2,"Taman Desa Darulaman"
2,"Taman Desa Halban"
2,"Taman Desa Murni"
2,"Taman Desa Perdana"
2,"Taman Desa Tanjung"
2,"Taman Gemilang"
2,"Taman Hosba"
2,"Taman Ihsan"
2,"Taman Indera"
2,"Taman Jalai Jaya"
2,"Taman Jitra 1"
2,"Taman Jitra 2"
2,"Taman Jitra Indah"
2,"Taman Kantan"
2,"Taman Keda Binjal"
2,"Taman Kelisa"
2,"Taman Kenanga"
2,"Taman Kenanga 2"
2,"Taman Kubang Pasu"
2,"Taman Kubang Pasu 2"
2,"Taman Mahkota"
2,"Taman Mahsuri"
2,"Taman Makmur"
2,"Taman Malinja"
2,"Taman Maluri"
2,"Taman Mawar"
2,"Taman Melati Tunjang"
2,"Taman Melor"
2,"Taman Muhibbah"
2,"Taman Mutiara"
2,"Taman Mutiara Naga"
2,"Taman Pasu"
2,"Taman Perdana"
2,"Taman Permata"
2,"Taman Perumahan Awam Tanah Merah"
2,"Taman Pulasan"
2,"Taman Rahmat"
2,"Taman Rasa Sayang"
2,"Taman Rhu"
2,"Taman Ria"
2,"Taman Saujana"
2,"Taman Sepadu"
2,"Taman Seri Damai"
2,"Taman Seri Indah"
2,"Taman Seri Jitra"
2,"Taman Seri Kemuning (1 & 2)"
2,"Taman Seri Makmur"
2,"Taman Seri Nyior"
2,"Taman Seri Pelangi"
2,"Taman Seri Utama"
2,"Taman Setia Jaya"
2,"Taman Setiaja"
2,"Taman Sinaran"
2,"Taman Sireh"
2,"Taman Sri Cempaka"
2,"Taman Sri Halban"
2,"Taman Sri Murni"
2,"Taman Sri Nyiur 2"
2,"Taman Sri Utama"
2,"Taman Suasana Damai"
2,"Taman Suasana Indah"
2,"Taman Suria"
2,"Taman Suria (1,2,3 & 5)"
2,"Taman Tanjung"
2,"Taman Tengku Anum"
2,"Taman Tengku Maheran"
2,"Taman Tengku Sarina"
2,"Taman Teratai"
2,"Taman Tiong"
2,"Taman Wira Mas"
2,"Tanah Merah"
2,"Tanjung Pauh"
2,"Tok Jalai"
2,Tunjang
2,"Jitra - Peti surat"
2,"Jitra - Beg berkunci"
2,Changloon
2,"Felda Batu 8"
2,"Felda Laka Selatan"
2,"Kampung Baru, Jalan Sintok"
2,"Kampung Belukar"
2,"Kampung Belukar"
2,"Kampung Bendang Cherok"
2,"Kampung Bendang Tok Chai"
2,"Kampung Bendang Tok Leh"
2,"Kampung BendangPerang"
2,"Kampung Bukit"
2,"Kampung Chang Hai"
2,"Kampung Changkat Setul"
2,"Kampung Darat"
2,"Kampung Gok Arang"
2,"Kampung Guar"
2,"Kampung Jenalik"
2,"Kampung Jeragan"
2,"Kampung Kangar"
2,"Kampung Kemboja"
2,"Kampung Kepala Kerbau"
2,"Kampung Kubang Betong"
2,"Kampung Kubang Erang"
2,"Kampung Kubang Kayu"
2,"Kampung Kubang Lengkuas"
2,"Kampung Langsat"
2,"Kampung Lembah Keriang"
2,"Kampung Lembah Palas"
2,"Kampung Lubuk "
2,"Kampung Lubuk Batu"
2,"Kampung Masjid"
2,"Kampung Nachik"
2,"Kampung Nang Mah"
2,"Kampung Napoh Hulu"
2,"Kampung Padang "
2,"Kampung Padang Halban"
2,"Kampung Padang Pasir"
2,"kampung Paya Lantau"
2,"Kampung Paya Long Mi"
2,"Kampung Rawa"
2,"Kampung Sungai Buluh"
2,"Kampung Sungai Kelian"
2,"Kampung Sungai petani"
2,"Kampung Teradisi Lembah Arang"
2,"Kampung Titi Kerbau"
2,"Kampung Wang Perah"
2,"Pekan Baru, Jalan Kodiang"
2,"Pekan Changloon"
2,"Pekan Lama ( Changloon )"
2,"Taman Angsana"
2,"Taman Beringin"
2,"Taman Bersatu"
2,"Taman Cengal"
2,"Taman Changloon"
2,"Taman Chengal"
2,"Taman Jati"
2,"Taman Jaya Baru"
2,"Taman Kempas"
2,"Taman Khaya "
2,"Taman Meranti"
2,"Taman Merbau"
2,"Taman Pertama"
2,"Taman Resak"
2,"Taman Sayang"
2,"Taman Sayang"
2,"Taman Seraya"
2,"Taman Setia Jaya"
2,"Taman Sri Changloon"
2,"Taman Sri Menanti"
2,"Taman Teja"
2,"Taman Utara"
2,"Universiti Utara Malaysia"
2,"Bukit Kayu Hitam"
2,"Felda Batu 8"
2,"Felda Bukit Tangga"
2,"Kampung Baru Changai"
2,"Kampung Batas"
2,"Kampung Bendang"
2,"Kampung Bendang Cherok"
2,"Kampung Bendang Nerang"
2,"Kampung Bendang Tok Leh"
2,"Kampung Changkat Selat"
2,"Kampung Changkat Setol"
2,"Kampung Guar Jenalik"
2,"Kampung Kangar"
2,"Kampung Kepala Kerbau"
2,"Kampung Kubang Nerang"
2,"Kampung Lanterom"
2,"Kampung Lembah Palas"
2,"Kampung Masjid"
2,"Kampung Padang Halban"
2,"Kampung Padang Pasir"
2,"Kampung Paya Lantan"
2,"Kampung Paya Nongmi"
2,"Kampung Sungai Kelian"
2,"Kampung Sungai Petani"
2,"Kampung Tanjong Ganting"
2,"Kampung Titi Kerbau"
2,"Kampung Tok Paroh"
2,"Ladang Kiap Loong"
2,"Ladang Rakyat"
2,"Jalan Kodiang (Batu 20 - 22)"
2,"Jalan Kodiang (Km 37)"
2,"Kampung Alor"
2,"Kampung Baru"
2,"Kampung Batu 1 Sanglang"
2,"Kampung Batu 4 (Jalan Sanglang)"
2,"Kampung Batu 5"
2,"Kampung Belukar"
2,"Kampung Bendahara"
2,"Kampung Bukit Hantu"
2,"Kampung Changkat Bulang"
2,"Kampung Changkat Logan"
2,"Kampung Damai"
2,"Kampung Gajah Puteh"
2,"Kampung Guar (Jalan Changloon)"
2,"Kampung Guar Batu Hitam"
2,"Kampung Hutan Palas"
2,"Kampung Kandis"
2,"Kampung Kodiang Dalam"
2,"Kampung Kodiang Luar"
2,"Kampung Kolam"
2,"Kampung Kota"
2,"Kampung Kubang Beruang"
2,"Kampung Kubang Chenok"
2,"Kampung Kubang Menerong"
2,"Kampung Kubang Menerong Dalam"
2,"Kampung Lubok Remia"
2,"Kampung Melele"
2,"Kampung Meribut"
2,"Kampung Pak Chik"
2,"Kampung Paya"
2,"Kampung Periang"
2,"Kampung Pering"
2,"Kampung Pulau Kabu"
2,"Kampung Pulau Siputeh"
2,"Kampung Raja"
2,"Kampung SC"
2,"Kampung Seberang"
2,"Kampung Siputeh"
2,"Kampung Tengah"
2,"Kampung Tok Arang"
2,"Kampung Tok Kepak"
2,"Kampung Tok Kong"
2,"Kampung Wang"
2,Kodiang
2,"Megat Dewa"
2,"Padang Sera"
2,"Pekan Stesyen Kodiang"
2,"Pida 1 - 12"
2,"Pida 1 - 2 (Mukim Ah)"
2,"Pida 1 - 5 (Mukim Putat)"
2,"Pida 10 (Mukim Ah)"
2,Sintok
2,"Ayer Hitam"
2,"Jalan Sungai Korok (Batu 9 1/2)"
2,"Kampung Alor Biak"
2,"Kampung Baru Kuala Sanglang"
2,"Kampung Batas Bengkok"
2,"Kampung Batu 6"
2,"Kampung Batu 6 1/2"
2,"Kampung Batu 7"
2,"Kampung Bohor Karang"
2,"Kampung Gandai"
2,"Kampung Gerbi"
2,"Kampung Golok Putting"
2,"Kampung Gurindam"
2,"Kampung Jerlun"
2,"Kampung Jeruju"
2,"Kampung Kerpan Kechil"
2,"Kampung Kuala Jerlun"
2,"Kampung Kuala Kerpan"
2,"Kampung Kubang Nipah"
2,"Kampung Kubang Sepat"
2,"Kampung Lana Bulu"
2,"Kampung Lubok Ayer"
2,"Kampung Lubok Gokgek"
2,"Kampung Lubok Pinang"
2,"Kampung Padang China"
2,"Kampung Padang Gelanggang"
2,"Kampung Padang Lalang"
2,"Kampung Permatang Bonglai"
2,"Kampung Permatang Kerengga"
2,"Kampung Pida 13"
2,"Kampung Pida 14"
2,"Kampung Pida 15"
2,"Kampung Sanglang"
2,"Kampung Sematang Kerpan"
2,"Kampung Telaga Batu"
2,"Kampung Telok Tui"
2,"Kampung Tok Mengkula"
2,"Kuala Sanglang"
2,"Lana Bulu"
2,"Pida 14"
2,"Pida 5 - 8"
2,"Pida 8 (Mukim Ah)"
2,"Simpang Empat Kerpan"
2,"Sungai Baru Kuala Sanglang"
2,"Sungai Korok"
2,"Taman Seri Sanglang"
2,"Bukit Pinang"
2,"Jalan Kepala Batas"
2,"Kampung Alor Ganu"
2,"Kampung Baru (Jalan Padang Tembak)"
2,"Kampung Batu 8 1/2 (Tok Jelai)"
2,"Kampung Bukit Inas"
2,"Kampung Bukit Pala"
2,"Kampung Bukit Tinggi"
2,"Kampung Cherok Ayer Pasang"
2,"Kampung Hilir"
2,"Kampung Kepala Bendang"
2,"Kampung Kepala Bukit"
2,"Kampung Lengkuas"
2,"Kampung Naga"
2,"Kampung Padang"
2,"Kampung Padang Gelam"
2,"Kampung Padang Hassan"
2,"Kampung Padang Pekan"
2,"Kampung Padang Sejana"
2,"Kampung Pasir"
2,"Kampung Pengkalan Gelong"
2,"Kampung Seberang Paya"
2,"Kampung Telok"
2,"Kampung Tepi Alor"
2,"Kampung Titi Baru"
2,"Kampung Titi Besi"
2,"Kampung Tok Bugil"
2,"Kepala Batas"
2,"Matang Pukang"
2,"Taman Desa Bukit Tinggi"
2,"Taman Jalai Jaya"
2,"Taman Merak"
2,"Taman Mutiara"
2,"Taman Pinang Jaya"
2,"Taman Pinang Merah"
2,"Taman Sirih"
2,"Taman Sri Naga"
2,"Taman Wira Emas"
2,"Kepala Batas - Peti surat"
2,"Kepala Batas - Beg berkunci"
2,"Alor Janggus"
2,"Hujong Mergong"
2,"Jalan Pondok"
2,"Jalan Putra (Km 3 - 14)"
2,"Kampung Alor Janggos"
2,"Kampung Baru Keluncor"
2,"Kampung Besar"
2,"Kampung Hilir Tandop"
2,"Kampung Huma"
2,"Kampung Hutan"
2,"Kampung Jawa"
2,"Kampung Kelompang (Alor Janggus)"
2,"Kampung Kuala Kuar"
2,"Kampung Kuar Jawa"
2,"Kampung Kubang Bongor"
2,"Kampung Kubang Jambu"
2,"Kampung Kubang Lintah"
2,"Kampung Kubang Pangas"
2,"Kampung Kubang Rotan"
2,"Kampung Kubang Siam"
2,"Kampung Lemping"
2,"Kampung Lentang Kubang Jawi"
2,"Kampung Masjid"
2,"Kampung Masjid Luar"
2,"Kampung Masjid Luyung"
2,"Kampung Mempelam"
2,"Kampung Mergong"
2,"Kampung Mergong Hilir"
2,"Kampung Padang Gunong"
2,"Kampung Padang Hang"
2,"Kampung Padang Perak"
2,"Kampung Padang Wat"
2,"Kampung Parit Buaya"
2,"Kampung Permatang Gunung"
2,"Kampung Pondok"
2,"Kampung Seberang Alur"
2,"Kampung Sematang Bogak"
2,"Kampung Simpang Tiga"
2,"Kampung Tandop Kuala Sungai"
2,"Kampung Telaga Tengah"
2,"Kampung Telok Jawa"
2,"Kampung Tengah A"
2,"Kampung Tengah B"
2,"Kuala Sungai"
2,"Kuala Sungai Baru"
2,"Kuala Sungai Kubang Rotan"
2,"Kubang Bonggor"
2,"Kubang Jambu"
2,"Lorong Alor Sematang"
2,"Lorong Kilang"
2,"Lorong Sekolah"
2,"Padang Lalang"
2,"Pecah Batu"
2,"Seberang Kampung Hilir"
2,"Seberang Kampung Masjid"
2,"Sematang Bogak"
2,"Sematang Budi"
2,"Sematang Kubu"
2,"Simpang Empat Kuar"
2,"Sungai Baru (Alor Janggus)"
2,"Sungai Dua"
2,"Sungai Lentang"
2,"Taman Alor Janggus"
2,"Taman Arwana"
2,"Taman Cencaru"
2,"Taman Desa Aman"
2,"Taman Flora"
2,"Taman Inang"
2,"Taman Janggus 2"
2,"Taman Kubang Rotan"
2,"Taman Kubang Rotan Fasa 2"
2,"Taman Maju"
2,"Taman Mergong Indah (Alor Janggus)"
2,"Taman Mergong Jaya 1"
2,"Taman Mergong Jaya 2"
2,"Taman Murni"
2,"Taman Mutiara (Alor Janggus)"
2,"Taman Pesona"
2,"Taman Sayang"
2,"Taman Serampang"
2,"Telaga Juan"
2,"Telok Talipon"
2,"Ampangan Pedu"
2,"Anjung Pedu Lake"
2,"Desa Utara"
2,"Felcra Belimbing Tolak"
2,"Felcra Bukit Tampoi"
2,"Felcra Kubang Palas"
2,"Felda Bukit Tembaga"
2,"Kampung Aceh"
2,"Kampung Apel"
2,"Kampung Bakong"
2,"Kampung Banggol"
2,"Kampung Banggol Dogol"
2,"Kampung Banggol Pong"
2,"Kampung Baru Belimbing Kanan"
2,"Kampung Baru Khas"
2,"Kampung Baru Lembah Permai"
2,"Kampung Baru Padang Lalang"
2,"Kampung Baru Padang Sanai"
2,"Kampung Baru Tualak"
2,"Kampung Belimbing"
2,"Kampung Belukar"
2,"Kampung Bendang"
2,"Kampung Bendang Raja"
2,"Kampung Bukit"
2,"Kampung Bukit Buluh"
2,"Kampung Bukit Kura"
2,"Kampung Bukit Larik"
2,"Kampung Bukit Nambua"
2,"Kampung Bukit Nyamok"
2,"Kampung Bukit Tembaga Selatan"
2,"Kampung Bukit Tembaga Timur"
2,"Kampung Charok Manora"
2,"Kampung Dalam"
2,"Kampung Durian Burrong"
2,"Kampung Genting Palas"
2,"Kampung Hijrah"
2,"Kampung Jelutong"
2,"Kampung Kejai"
2,"Kampung Kepala Batas"
2,"Kampung Kuala Janing"
2,"Kampung Kuala Nibong"
2,"Kampung Kuala Pai"
2,"Kampung Kuala Tekai"
2,"Kampung Kuala Tualak"
2,"Kampung Kubang Lintah"
2,"Kampung Kubang Palas"
2,"Kampung Kubu"
2,"Kampung Labi"
2,"Kampung Lubok Ipoh"
2,"Kampung Lubok Labi"
2,"Kampung Lubok Merbau"
2,"Kampung Lubok Tok Wi"
2,"Kampung Macang"
2,"Kampung Magak"
2,"Kampung Malau"
2,"Kampung Mani"
2,"Kampung Masjid"
2,"Kampung Masjid Tualak"
2,"Kampung Musa"
2,"Kampung Naiteh"
2,"Kampung Nako"
2,"Kampung Padang Balai"
2,"Kampung Padang Chanderai"
2,"Kampung Padang Gelanggang"
2,"Kampung Padang Lanjut"
2,"Kampung Padang Setol"
2,"Kampung Pasir Puteh"
2,"Kampung Paya Terap"
2,"Kampung Pecah Gadong"
2,"Kampung Pengkalan Tok Puteh"
2,"Kampung Perik"
2,"Kampung Perupuk"
2,"Kampung Pinang"
2,"Kampung Pisang"
2,"Kampung Pokka"
2,"Kampung Pokok Machang"
2,"Kampung Pong Utara"
2,"Kampung Pulau Kijang"
2,"Kampung Rambutan"
2,"Kampung Rumia Manis"
2,"Kampung Seberang"
2,"Kampung Seberang Paya"
2,"Kampung Seladang Rebah"
2,"Kampung Semeliang"
2,"Kampung Sena"
2,"Kampung Sungai Kecil"
2,"Kampung Surau"
2,"Kampung Tanah Merah"
2,"Kampung Tanjong"
2,"Kampung Tanjong Luar"
2,"Kampung Tanjong Putus"
2,"Kampung Tanjong Siam"
2,"Kampung Telok Belanga"
2,"Kampung Tengah"
2,"Kampung Tong Plu"
2,"Kampung Wawasan"
2,"Keda Bukit Ular"
2,"Kem Sahara (Kem Askar)"
2,"Kilang Gula Padang Terap"
2,"Kuala Nerang"
2,"Ladang Tunku Abdul Rahman"
2,"Mutiara Pedu Lake"
2,"Padang Sanai"
2,Pedu
2,"Rumah Keda Kampung Belukar"
2,"Rumah Keda Pasir Puteh"
2,"Taman Belimbing Indah"
2,"Taman Bersatu"
2,"Taman Desa Kenangan"
2,"Taman Desa Sapura"
2,"Taman Jati"
2,"Taman Jelutang Fasa 2"
2,"Taman Kemangi"
2,"Taman Merbau"
2,"Taman Mesra 2"
2,"Taman Pelangi"
2,"Taman Perumahan Imigresen"
2,"Taman Saujana"
2,"Taman Seri Tampoi"
2,"Taman Sri Desa"
2,"Taman Sri Emas"
2,"Taman Sri Kenangan"
2,"Teluk Binasa"
2,"Jalan Naka (Batu 18 1/2)"
2,"Kampung Baru Naka"
2,"Kampung Bendang Baru"
2,"Kampung Bukit"
2,"Kampung Kubang Kenyeng"
2,"Kampung Lamdin"
2,"Kampung Lubok Perong"
2,"Kampung Padang Kasak"
2,"Kampung Tandop"
2,"Kampung Tandop Besar"
2,"Taman Sri Nerang"
2,"Bukit Panjang"
2,Jabi
2,"Kampung Alor China"
2,"Kampung Atong"
2,"Kampung Banggol"
2,"Kampung Banggol Chengal"
2,"Kampung Batu 11"
2,"Kampung Belat"
2,"Kampung Belukar"
2,"Kampung Bendang Bukit"
2,"Kampung Bendang Raja"
2,"Kampung Bukit Berangan"
2,"Kampung Bukit Derang"
2,"Kampung Bukit Hijau"
2,"Kampung Bukit Lada"
2,"Kampung Bukit Lala"
2,"Kampung Bukit Pak Kiau"
2,"Kampung Bukit Pak Pom"
2,"Kampung Bukit Patong"
2,"Kampung Bukit Telaga Emas"
2,"Kampung Bukit Teriak"
2,"Kampung Derang"
2,"Kampung Empa"
2,"Kampung Ga"
2,"Kampung Gajah Mati"
2,"Kampung Gelong Gajah"
2,"Kampung Gua Ginu"
2,"Kampung Huma"
2,"Kampung Huma Besar"
2,"Kampung Kedondong"
2,"Kampung Kelut"
2,"Kampung Kepala Bendang"
2,"Kampung Kepala Bukit"
2,"Kampung Keranji"
2,"Kampung Khotan"
2,"Kampung Kiew"
2,"Kampung Kolam"
2,"Kampung Kolon"
2,"Kampung Kolot"
2,"Kampung Kuala Lanjut"
2,"Kampung Kuang Buang"
2,"Kampung Kubang Pisang"
2,"Kampung Lahar Tunjang"
2,"Kampung Lamdam"
2,"Kampung Lanjut Malau"
2,"Kampung Lubok Batu"
2,"Kampung Machang Kudong"
2,"Kampung Masjid Lama"
2,"Kampung Menerong"
2,"Kampung Minangkabau"
2,"Kampung Nangka Melayu"
2,"Kampung Nangka Siam"
2,"Kampung Nawa"
2,"Kampung Padang"
2,"Kampung Padang Serai"
2,"Kampung Padang Tembusu"
2,"Kampung Panchor"
2,"Kampung Pelanduk Jatuh"
2,"Kampung Perupuk"
2,"Kampung Pokok Pauh"
2,"Kampung Pulau Bidin"
2,"Kampung Senara"
2,"Kampung Tanjong Musang"
2,"Kampung Telaga Mas"
2,"Kampung Telok Jamat"
2,"Kampung Tok Dam"
2,"Kampung Tok Kun"
2,"Kampung Tualang"
2,"Kampung Tuba"
2,"Kampung Yoi"
2,"Kebun 500"
2,"Kubor Panjang"
2,Naka
2,"Pekan Baru"
2,"Pokok Sena"
2,"Taman Angsana 2"
2,"Taman Balak Baru 2"
2,"Taman Bunga Sena"
2,"Taman Kempas"
2,"Taman Nangka Madu"
2,"Taman Sena Impian"
2,"Alor Binjal"
2,"Batu 6 Jalan Langgar"
2,"Jalan Datuk Kumbar (Batu 4 3/4 - 10)"
2,"Jalan Masjid"
2,"Kampung Alor Besar"
2,"Kampung Alor Binjal"
2,"Kampung Alor Gandak"
2,"Kampung Alor Gelam"
2,"Kampung Alor Jawi"
2,"Kampung Alor Keladi"
2,"Kampung Alor Melentang"
2,"Kampung Alor Pak Ngah"
2,"Kampung Alor Raja"
2,"Kampung Alor Rela"
2,"Kampung Alor Saga"
2,"Kampung Alor Sekawan"
2,"Kampung Alor Senibong"
2,"Kampung Alor Setol"
2,"Kampung Alor Tebuan"
2,"Kampung Baru Kepala Kota"
2,"Kampung Gelam Padang Terus"
2,"Kampung Haji Naik Kayu"
2,"Kampung Hijrah"
2,"Kampung Hijrah"
2,"Kampung Hutan Gelam"
2,"Kampung Jelai (Simpang 4)"
2,"Kampung Juara Tua"
2,"Kampung Kandai"
2,"Kampung Keramat"
2,"Kampung Kuar"
2,"Kampung Limbong"
2,"Kampung Lubok Keriang"
2,"Kampung Makam"
2,"Kampung Padang Petani"
2,"Kampung Padang Tajar"
2,"Kampung Padang Tepus"
2,"Kampung Pagar Ayer"
2,"Kampung Pantai Jamai"
2,"Kampung Permatang Limau"
2,"Kampung Pokok Asam"
2,"Kampung Pondok Tasak"
2,"Kampung Pulau Binjal"
2,"Kampung Pulau Buloh"
2,"Kampung Sungai Mati"
2,"Kampung Tajar"
2,"Kampung Tanjong Inggeris"
2,"Kampung Telaga Bata"
2,"Kampung Terong Asam"
2,"Kampung Titi Hj Idris"
2,"Kampung Tok Pauh"
2,"Kampung Tok Sibil"
2,"Kampung Tok Temenggong"
2,"Km 10 Jalan Langgar"
2,"Km 10.5 Jalan Titi Hj Idris"
2,"Km 8 , Batu 5 Jalan langgar"
2,Langgar
2,"Pondok Hj Ahmad"
2,"Pondok Hj Husin"
2,"Rancangan Teratur Km 14"
2,"Taman Amira"
2,"Taman Awana"
2,"Taman Indah"
2,"Taman Lelasari"
2,"Taman Malinja"
2,"Taman Malinja Fasa 2"
2,"Taman Satria"
2,"Taman Sri Kota"
2,"Taman Suri"
2,"Taman Terantai"
2,"Taman Teratai"
2,"Taman Vistana"
2,"Taman Vistana 1 &  2"
2,"Taman Vistana Fasa 2"
2,"Titi Haji Idris"
2,"Langgar - Peti surat"
2,"Anak Bukit"
2,"Jalan Anak Bukit"
2,"Kampung Alor Senjaya"
2,"Kampung Pak Putih"
2,"Kampung Titi Gajah"
2,"Kampung Tok Din"
2,"Kampung Tunku Lat"
2,"Laman Lumba Kuda"
2,"Langgar - Beg berkunci"
2,"Lorong Seri Kota"
2,"Taman Berlian"
2,"Taman Desa Mutiara"
2,"Taman Kancil"
2,"Taman Laman Kuda"
2,"Taman Mas Merah"
2,"Taman Seri Aman"
2,"Taman Seri Jelapang"
2,"Taman Tengku Bendahara"
2,"Taman Titi Gajah"
2,"Taman Tunku Bendahara"
2,"Gunung Keriang"
2,"Jalan Permatang Gunung"
2,"Kampung Alor Gonchar"
2,"Kampung Gelong Ayer"
2,"Kampung Kubang Raja"
2,"Kampung Kubang Teduh"
2,"Kampung Matang Kong Atas"
2,"Matang Kong"
2,"Matang Kong Bawah Kampung Teluk Junus"
2,"Teluk Junus"
2,"Titi Gajah (Batu 6 1/2)"
2,"Alor Ibus Tepi Laut"
2,"Kampung Alor Ibus"
2,"Kampung Alor Pulai"
2,"Kampung Balai"
2,"Kampung Batas Paip"
2,"Kampung Berembang Panjang"
2,"Kampung Cina"
2,"Kampung Darat"
2,"Kampung Hujong"
2,"Kampung Hujung Sungai"
2,"Kampung Hulu"
2,"Kampung Hutan Putus"
2,"Kampung Kilang Ice"
2,"Kampung Madrasah"
2,"Kampung Masjid Lama"
2,"Kampung Megat Ali"
2,"Kampung Padang"
2,"Kampung Padang Garam"
2,"Kampung Padang Raja"
2,"Kampung Pajak"
2,"Kampung Pergam"
2,"Kampung Perlis"
2,"Kampung Seberang Alor"
2,"Kampung Seberang Kota"
2,"Kampung Selarong Batak"
2,"Kampung Sematang"
2,"Kampung Sematang Pinang"
2,"Kampung Sungai Badang"
2,"Kampung Sungai Mati"
2,"Kampung Sungai Nonang"
2,"Kampung Sungai Papan"
2,"Kampung Tebengau"
2,"Kampung Telok Bulang"
2,"Kampung Telok Layang"
2,"Kampung Tengah"
2,"Kampung Tengah (Telok Kechai)"
2,"Kampung Tepi Laut"
2,"Kampung Tok Pasai"
2,"Kampung Tok Song"
2,"Kompleks Peruda"
2,"Kuala Kedah"
2,"Lorong Air Masin"
2,"Seberang Kampung Baru"
2,"Sementang Tepi Laut"
2,"Taman Bahtera "
2,"Taman Bersatu (Fasa A dan B)"
2,"Taman Desa Cengai Indah"
2,"Taman Desa Rena 2"
2,"Taman Desarina 2"
2,"Taman Harapan"
2,"Taman Indah"
2,"Taman Juragan"
2,"Taman Kekwa"
2,"Taman Kemudi "
2,"Taman Layar"
2,"Taman Marina"
2,"Taman Melati"
2,"Taman Merpati"
2,"Taman Nakhoda"
2,"Taman Nusantara"
2,"Taman Perpaduan (1 - 2)"
2,"Taman Restu"
2,"Taman Ria"
2,"Taman Ria (Jalan Kuala Kedah)"
2,"Taman Sepakat"
2,"Taman Seri Putra"
2,"Taman Sri Abadi"
2,"Taman Sri Idaman"
2,"Taman Terumbu Indah"
2,"Telok Telipon"
2,"Teluk Chengai"
2,"Teluk Kechai"
2,"Teluk Seme"
2,"Jalan Tokai  (Batu 7 - 8)"
2,"Kampung 15 Relong"
2,"Kampung 20 Relong"
2,"Kampung 30 Relong"
2,"Kampung Ah Piew"
2,"Kampung Alor Ali"
2,"Kampung Alor Mengkuang"
2,"Kampung Baru Tokai"
2,"Kampung Batu 8 Tokai"
2,"Kampung Benua"
2,"Kampung Dalam Baroh"
2,"Kampung Jelai"
2,"Kampung Kepala Parit"
2,"Kampung Kubang Jelai"
2,"Kampung Kubang Pasu"
2,"Kampung Masjid Tokai"
2,"Kampung Padang Jambu"
2,"Kampung Permatang Iblis"
2,"Kampung Pisang"
2,"Kampung Pulai (Simpang Empat)"
2,"Kampung Rambai"
2,"Kampung Sala Kecil"
2,"Kampung Senggora"
2,"Kampung Tok Pauh"
2,"Kampung Tokai"
2,Kangkong
2,"Kota Kangkong"
2,"Simpang Empat"
2,"Taman Bersatu"
2,"Taman Bersatu (Kuala Kedah)"
2,"Taman Bersatu (Simpang Empat)"
2,Tokai
2,"Bukit Raya"
2,"Guar Kepayang"
2,"Kampung Alor Berhala"
2,"Kampung Alor Parit"
2,"Kampung Alor Pauh"
2,"Kampung Alor Pering"
2,"Kampung Alor Pudak"
2,"Kampung Alor Punti"
2,"Kampung Asam Jawa"
2,"Kampung Ayer Puteh"
2,"Kampung Bahagia"
2,"Kampung Balik Bukit"
2,"Kampung Banggok Kambing"
2,"Kampung Banggol"
2,"Kampung Banggol Belimbing"
2,"Kampung Banggol Besi"
2,"Kampung Banggol Ibus"
2,"Kampung Banggol Jali"
2,"Kampung Banggol Kambing"
2,"Kampung Banggol Keling"
2,"Kampung Banggol Masjid"
2,"Kampung Banggol Masjid"
2,"Kampung Banggol Pauh"
2,"Kampung Banggol Petai"
2,"Kampung Banggol Senu"
2,"Kampung Banggol Temak"
2,"Kampung Banggol Tengah"
2,"Kampung Banggol Terus"
2,"Kampung Baru Asam Jawa"
2,"Kampung Batu 14 - 16 (Pendang)"
2,"Kampung Batu 20"
2,"Kampung Batu Hampar"
2,"Kampung Batu Menunggul"
2,"Kampung Becah"
2,"Kampung Belukar"
2,"Kampung Bukit Bubus"
2,"Kampung Bukit Jagong"
2,"Kampung Bukit Kecil"
2,"Kampung Bukit Lanjut"
2,"Kampung Bukit Murai"
2,"Kampung Bukit Sekechong"
2,"Kampung Bukit Seni"
2,"Kampung Changkat Nering"
2,"Kampung Charok Binu"
2,"Kampung Charok Keladi"
2,"Kampung Charok Kering"
2,"Kampung Charok Kubong"
2,"Kampung Charok Kudong"
2,"Kampung Chegar"
2,"Kampung Chekong"
2,"Kampung Chelong"
2,"Kampung Cherok Pinang"
2,"Kampung Cherok Umar"
2,"Kampung Dundang"
2,"Kampung Durian"
2,"Kampung Gajah Mati"
2,"Kampung Gelong Gajah"
2,"Kampung Haji Bunga"
2,"Kampung Haji Darus"
2,"Kampung Jelutong"
2,"Kampung Kedah"
2,"Kampung Kepala Bukit"
2,"Kampung Keranji"
2,"Kampung Kerkau"
2,"Kampung Kolam"
2,"Kampung Kuala Mawa"
2,"Kampung Kubang Anak Gajah"
2,"Kampung Kubang Badak"
2,"Kampung Kubang Kuar"
2,"Kampung Kubang Teradan"
2,"Kampung Kubang Teradeh"
2,"Kampung Lahar Batu"
2,"Kampung Lahar Buaya"
2,"Kampung Lang Merah"
2,"Kampung Lubok Gajah"
2,"Kampung Lubok Getah"
2,"Kampung Lubok Rambutan"
2,"Kampung Menja Pahit"
2,"Kampung Padang Kasak"
2,"Kampung Padang Nyior"
2,"Kampung Padang Pusing"
2,"Kampung Padang Temucut"
2,"Kampung Palas"
2,"Kampung Panchor"
2,"Kampung Paya Kelubi"
2,"Kampung Paya Kerchut"
2,"Kampung Paya Nedam"
2,"Kampung Paya Nedam ( Pondok Gajah mati )"
2,"Kampung Paya Rawa"
2,"Kampung Paya Saga"
2,"Kampung Paya Sena"
2,"Kampung Paya Sulaiman"
2,"Kampung Penyarom"
2,"Kampung penyarom Baru"
2,"Kampung Petani"
2,"Kampung Pokok Gajah Mati"
2,"Kampung Pondok Chegar"
2,"Kampung Pondok Guar Kepayang"
2,"Kampung Pondok Haji Aziz"
2,"Kampung Pondok Haji Hussain"
2,"Kampung Pondok Sawa"
2,"Kampung Pondok Tanah Merah"
2,"Kampung Pulau Machang"
2,"Kampung Sagor"
2,"Kampung Sawa"
2,"Kampung Sawa Besar"
2,"Kampung Sawa Kecil"
2,"Kampung Seberang Pendang"
2,"Kampung Sena"
2,"Kampung Sera"
2,"Kampung Simpang Tiga Tobiar"
2,"Kampung Sukamari"
2,"Kampung Sungai Jagong"
2,"Kampung Sungai Mati"
2,"Kampung Sungai Pudak"
2,"Kampung Tanjong Radin"
2,"Kampung Telok Wang"
2,"Kampung Tempoyak"
2,"Kampung Titi Kera"
2,"Kampung Titi Teras"
2,"Kampung Tok Besah"
2,"Kampung Tok La"
2,"Kampung Wat Padang Pusing"
2,"Padang Pusing"
2,Pendang
2,"Perumahan Keda Asam Jawa"
2,"Taman Mawar"
2,"Taman Seri Pendang"
2,"Tanah Merah"
2,Tobiar
2,"Pendang - Peti surat"
2,"Pendang - Beg berkunci"
2,"Felda Lubuk Merbau"
2,"Kampung Baru Lubuk Merbau"
2,"Kampung Baru Tapang"
2,"Kampung Berjaya"
2,"Kampung Mahawangsa"
2,"Kampung Sukamari Lubok Merbau"
2,"Kampung Sungai Pisang"
2,"Kampung Sungai Siput"
2,"Kampung Sungai Siput Dalam"
2,"Bukit Genting Estate"
2,"Bukit Junun"
2,"Kampung Alor Kubang"
2,"Kampung Alor Kumbang"
2,"Kampung Alor Pulai"
2,"Kampung Bakar Arang"
2,"Kampung Baloh"
2,"Kampung Banggol Besin"
2,"Kampung Banggol Sanai"
2,"Kampung Banggol Sawa"
2,"Kampung Banggol Senai"
2,"Kampung Baru Bukit Jenun"
2,"Kampung Baru Padang Panjang"
2,"Kampung Batu 27"
2,"Kampung Bukit Jambul"
2,"Kampung Bukit Mak Inson"
2,"Kampung Bukit Mak Insun"
2,"Kampung Bukit Nibong"
2,"Kampung Bukit Pinang"
2,"Kampung Charok Manggis"
2,"Kampung Doket"
2,"Kampung Guar Stesyen"
2,"Kampung Huma"
2,"Kampung Kilang Bata"
2,"Kampung Kilang Besar"
2,"Kampung Kilang Kecik"
2,"Kampung Kongsi Baru"
2,"Kampung Kongsi Tujuh"
2,"Kampung Kuala Rimau"
2,"Kampung Lanchok Bunjai"
2,"Kampung Lubok Reba"
2,"Kampung Lubok Ular"
2,"Kampung Manggol Tambak Luar"
2,"Kampung Manggul Tambak"
2,"Kampung Padang Panjang"
2,"Kampung Panjang"
2,"Kampung Panjang Kilang Besar"
2,"Kampung Paya Besar"
2,"Kampung Paya Mak Inson"
2,"Kampung Paya Palas"
2,"Kampung Paya Serdang"
2,"Kampung Pokok Lanjut"
2,"Kampung Pokok Tai"
2,"Kampung pokok Tai Baru"
2,"Kampung Pokok Tai Lama"
2,"Kampung Raja"
2,"Kampung Rizab Paya Tembusu"
2,"Kampung Siam"
2,"Kampung Sungai Baru"
2,"Kampung Sungai Durian"
2,"Kampung Sungai Rotan"
2,"Kampung Tanjong Setol"
2,"Kampung Tanjung Setol"
2,"Kampung Tanjung Setol"
2,"Kampung Wat Paya Mak Insun"
2,"Kampung Wat Siam"
2,"Ladang Bukit Genting"
2,"Ladang Heng Seng"
2,"Ladang Heng Seng"
2,"Ladang Poh Seng"
2,"Loji Air Jenun"
2,"Lubok Merbau"
2,"Nagana Estate"
2,"Pekan Jenun"
2,"Pekan Kilang Kecil"
2,"PPRT Kampung Keda Tanjong Setol"
2,"Pusat Perniagaan Kiara Mas"
2,"RTP Bukit Mak Insun"
2,"Su Poh Estate"
2,"Taman Gemilang (Fasa 1 & 2)"
2,"Taman Harmoni"
2,"Taman Kiara Mas"
2,"Taman Murni"
2,"Taman Nangka Madu"
2,"Taman Orkid"
2,"Taman Seri Putih"
2,"Taman Seri Wawasan"
2,"Taman Teratai (Fasa 1 & Fasa 2)"
2,"Wisma Haji Salleh"
2,"Batu 27 ¼"
2,"Bukit Tok Chom"
2,"Felda Sungai Tiang "
2,"Kampung Baru"
2,"Kampung Bendang Petani"
2,"Kampung Bendang Pulai"
2,"Kampung Bukit Kerek"
2,"Kampung Bukit Tegur"
2,"Kampung Bukit Tok Aji"
2,"Kampung Chelong"
2,"Kampung Cina"
2,"Kampung Datuk Syed Ahmad"
2,"Kampung Hujong Keton"
2,"Kampung Kayu Tiga"
2,"Kampung Kayu Tiga"
2,"Kampung Kebun 4 Relong"
2,"Kampung Kota"
2,"Kampung Linchan"
2,"Kampung Nam Dam"
2,"Kampung Padang Durian"
2,"Kampung Padang Kabu"
2,"Kampung Padang Tok Sedan"
2,"Kampung Paya Lepai"
2,"Kampung Paya Mengkuang"
2,"Kampung Pokok Asam"
2,"Kampung Pulau Tengah"
2,"Kampung Rasau"
2,"Kampung Seberang Kubur"
2,"Kampung Sungai Korok"
2,"Kampung Sungai Ma"
2,"Kampung Sungai Putar"
2,"Kampung Titi Akar"
2,"Kampung Titi Siam"
2,"Kampung Tok Sek"
2,"Kampung Tong Prok"
2,"Kampung Wat"
2,"Kg Wat Padang Peliang"
2,"Ladang Bukit Perak"
2,"Padang Durian"
2,"Perumahan Keda Sungai Tiang"
2,"Perumahan Ladang Bukit Perak Selatan"
2,"Perumahan Ladang Bukit Perak Utara"
2,"Sungai Tiang"
2,"Batu 11 1/2 Jalan Sungai Petani"
2,"Batu 11- 12 Bukit Besar"
2,"Batu 14 Jalan Sungai Petani"
2,"Batu 15 Padang Lumat"
2,"Batu 9"
2,"Bukit Besar"
2,"Jalan Kolam Air (Bukit Besar)"
2,"Jalan Kuala Sala"
2,"Jalan Padang Besar"
2,"Jalan Pengkalan"
2,"Jalan Sekolah"
2,"Jalan Tokong"
2,"Kampung Alor Besar"
2,"Kampung Alor Gelanggang"
2,"Kampung Alor Nan"
2,"Kampung Alor Nibong"
2,"Kampung Alor Pinggu"
2,"Kampung Alor Pudak"
2,"Kampung Alor Serdang"
2,"Kampung Alor Terjun"
2,"Kampung Alor Tok Ya"
2,"Kampung Bahagia"
2,"Kampung Bakong"
2,"Kampung Banggol"
2,"Kampung Banggol Haji Seman"
2,"Kampung Banggol Wan AWang"
2,"Kampung Baru (Jalan Pendang)"
2,"Kampung Batas Baru"
2,"Kampung Bukit Chepat"
2,"Kampung Bukit Choras"
2,"Kampung Bukit Kokbah"
2,"Kampung Bukit Tok Chun"
2,"Kampung Buluh Lima"
2,"Kampung Buluh Lima Dalam"
2,"Kampung Datok Abdullah"
2,"Kampung Gelam Tiga"
2,"Kampung Haji Mehat"
2,"Kampung Hj Latif"
2,"Kampung Hj. Hashim"
2,"Kampung Jawa"
2,"Kampung Jemerlang"
2,"Kampung Jerang Belanga"
2,"Kampung Kepala Bukit"
2,"Kampung Kilang Baru"
2,"Kampung Kuala Sala"
2,"Kampung Kuala Sula"
2,"Kampung Kuala Sungai Daun Tengah"
2,"Kampung Kubang Pasu"
2,"Kampung Manggol"
2,"Kampung Masjid"
2,"Kampung Padang Besar"
2,"Kampung Padang Peninjau"
2,"Kampung Permatang Bongor"
2,"Kampung Permatang Buluh"
2,"Kampung Permatang Kecil"
2,"Kampung Permatang Tepi Laut"
2,"Kampung Perpat"
2,"Kampung Pisang"
2,"Kampung Pulau Jerat"
2,"Kampung Pulau Mas"
2,"Kampung Pulau Nyiur"
2,"Kampung Pulau Petani"
2,"Kampung Sala Kecil"
2,"Kampung Selamat"
2,"Kampung Simpang 3 (Sungai Daun)"
2,"Kampung Simpang 4 (Sungai Daun)"
2,"Kampung Sungai Daun"
2,"Kampung Sungai Daun Atas"
2,"Kampung Sungai Daun Tengah"
2,"Kampung Sungai Dedap"
2,"Kampung Telok"
2,"Kampung Telok Chentang"
2,"Kampung Telok Chentong"
2,"Kampung Tualang"
2,"Kepala 10 Simpang Tiga"
2,"Kepala 10 Sungai Daun"
2,Kobah
2,"Kuala Bangka"
2,"Kuala Sala"
2,"Pekan Kota Sarang Semut"
2,"Perumahan Awam Kuala Sala"
2,"Perumahan Baru Kelubi"
2,"Seberang Kuala Sala"
2,"Seberang Tandop"
2,"Simpang 3 (Sungai Limau)"
2,"Simpang Tiga"
2,"Sungai Tiang Luar"
2,"Taman Gemilang"
2,"Taman Impian"
2,"Taman Kota Jaya"
2,"Taman Kota Sarang Semut"
2,"Taman Perniagaan"
2,"Taman Sri Sala"
2,"Batu 21 1/4 - 24 3/4 Jalan Yan"
2,"Dulang Kechik"
2,"Jalan Market (Yan)"
2,"Jalan Masjid (Yan)"
2,"Jalan Pantai Murni"
2,"Jalan Pegawai (Yan)"
2,"Kampung Acheh"
2,"Kampung Bakar Bata"
2,"Kampung Batas Ubi"
2,"Kampung Batu 22"
2,"Kampung Batu 22 1/2 (Dulang Kechil)"
2,"Kampung Bukit Belida"
2,"Kampung Bukit Tumbuh"
2,"Kampung Dulang Besar"
2,"Kampung Dulang Kechil"
2,"Kampung Dulang Kechil Tengah"
2,"Kampung Jawa"
2,"Kampung Keda (PPRT Sungai Udang)"
2,"Kampung Kelantan"
2,"Kampung Kepala 10 Sedaka"
2,"Kampung Km 32 (Ulu Sedaka)"
2,"Kampung Kuala Dulang Besar"
2,"Kampung Kuala Dulang Kechil"
2,"Kampung Kuala Raga"
2,"Kampung Kuala Sedaka"
2,"Kampung Kuala Sungai Udang"
2,"Kampung Lubok Boi"
2,"Kampung Lubuk Kasai"
2,"Kampung Pantai Murni"
2,"Kampung Pauh"
2,"Kampung Perigi"
2,"Kampung Permatang Chengai"
2,"Kampung Permatang Keramat"
2,"Kampung Permatang Serantang"
2,"Kampung Permatang Serentang (Sungai Udang)"
2,"Kampung Permatang Tok Alim"
2,"Kampung Perupuk"
2,"Kampung Raga"
2,"Kampung Rendang Pasir"
2,"Kampung Ruat"
2,"Kampung Seberang Pekan Yan"
2,"Kampung Sedaka"
2,"Kampung Sedaka Tengah"
2,"Kampung Serong"
2,"Kampung Setar"
2,"Kampung Seter"
2,"Kampung Setol"
2,"Kampung Simpang Empat Sedaka"
2,"Kampung Simpang Empat Sungai Lintang"
2,"Kampung Sungai Lintang (Sungai Limau Dalam)"
2,"Kampung Sungai Malai"
2,"Kampung Sungai Pagar"
2,"Kampung Sungai Udang"
2,"Kampung Sungai Udang Atas"
2,"Kampung Sungai Yan"
2,"Kampung Telok Mat Acheh"
2,"Kampung Tengah"
2,"Kampung Tengah Yan Kechil"
2,"Kampung Teroi"
2,"Kampung Titi Bakong"
2,"Kampung Titi Raga"
2,"Kampung Tohor"
2,"Kampung Ulu Dulang Besar"
2,"Kampung Ulu Dulang Kechil"
2,"Kampung Ulu Sedaka"
2,"Kuala Sungai Yan"
2,"Permatang Serentang"
2,"Pondok Fauzi"
2,"Rumah Awam Titi Barong"
2,Sedaka
2,"Taman Guru"
2,"Taman Pantai Murni"
2,"Taman Perniagaan"
2,"Taman Pulau Bunting"
2,"Taman Rumah Murah Pantai Murni"
2,"Taman Samudera (Yan)"
2,"Taman Samudera Ruat"
2,"Taman Setia Jaya"
2,"Taman Yan"
2,"Titi Serong (Jalan Dulang)"
2,Yan
2,"Kampung Hutan Gelam"
2,"Kampung Kubu 10"
2,"Kampung Permatang Kecil"
2,"Kampung Pulau Tambun"
2,"Kampung Selat Selengkoh"
2,"Kampung Selengkoh"
2,"Kampung Selengkoh Tengah"
2,"Kampung Sungai Air Hitam"
2,"Kampung Sungai Bujur"
2,"Kampung Sungai Kering"
2,"Kampung Sungai Kuala Sungai Lim"
2,"Kampung Sungai Tongkang"
2,"Kampung Telok Tawar"
2,"Kampung Tengah (Sungai Limau Dalam)"
2,"Kampung Ulu Selengkoh"
2,"Simpang Empat"
2,"Taman Malinja"
2,"Yan Kechil"
2,"Ayer Hangat"
2,Bayas
2,"Bukit Malut"
2,"Desa Kemboja"
2,Ewa
2,"Kampung Atas"
2,"Kampung Bagan Asam"
2,"Kampung Bagan Pauh"
2,"Kampung Bakau Kelibang"
2,"Kampung Baru Ewa"
2,"Kampung Baru Ulu Melaka"
2,"Kampung Batu Ara"
2,"Kampung Batu Asah"
2,"Kampung Batu Gajah"
2,"Kampung Bawah"
2,"Kampung Belak"
2,"Kampung Belanga Pecah"
2,"Kampung Belibis"
2,"Kampung Bendang Baru"
2,"Kampung Berjaya"
2,"Kampung Bohor Berendam"
2,"Kampung Bohor Chantek"
2,"Kampung Bohor Chempedak"
2,"Kampung Bohor Darat"
2,"Kampung Bohor Masjid"
2,"Kampung Bohor Merah"
2,"Kampung Bohor Raja"
2,"Kampung Bohor Tempoyak"
2,"Kampung Bubor"
2,"Kampung Bukit Benggali"
2,"Kampung Bukit Cengkuan"
2,"Kampung Bukit Hantu"
2,"Kampung Bukit Kemboja"
2,"Kampung Bukit Lembu"
2,"Kampung Bukit Morang"
2,"Kampung Bukit Nau"
2,"Kampung Bukit Puteh"
2,"Kampung Bukit Puteri"
2,"Kampung Bukit Tekoh"
2,"Kampung Bukit Temin"
2,"Kampung Chenarong"
2,"Kampung Chendek Kura"
2,"Kampung Darat Benta"
2,"Kampung Darat Padang Matsirat"
2,"Kampung Dato Bakar"
2,"Kampung Durian Perangin"
2,"Kampung Dusun"
2,"Kampung Felcra Kok"
2,"Kampung Gelam"
2,"Kampung Geronggang"
2,"Kampung Huma"
2,"Kampung Kelibang"
2,"Kampung Kelubi"
2,"Kampung Kenyum"
2,"Kampung Ketapang Tapang"
2,"Kampung Kilim"
2,"Kampung Kisap"
2,"Kampung Kok"
2,"Kampung Kuah"
2,"Kampung Kuala Chenang"
2,"Kampung Kuala Melaka"
2,"Kampung Kuala Muda"
2,"Kampung Kuala Sungai"
2,"Kampung Kubang Badak"
2,"Kampung Kumpulan"
2,"Kampung Lawer"
2,"Kampung Linchai"
2,"Kampung Lubok Buaya"
2,"Kampung Lubok Cempedak"
2,"Kampung Lubok Etok"
2,"Kampung Lubok Setol"
2,"Kampung Lubuk Cempedak"
2,"Kampung Lubuk Etok"
2,"Kampung Mata Ayer"
2,"Kampung Mawat"
2,"Kampung Nyior Chabang"
2,"Kampung Padang Gaung"
2,"Kampung Padang Kandang"
2,"Kampung Padang Lunas"
2,"Kampung Padang Putih"
2,"Kampung Padang Saga"
2,"Kampung Padang Wahid"
2,"Kampung Pasir Hitam"
2,"Kampung Pasir Ok"
2,"Kampung Paya Jin"
2,"Kampung Paya Kuala Triang"
2,"Kampung Paya Mempelam"
2,"Kampung Paya Mengkuang"
2,"Kampung Paya Padang Mat Sirat"
2,"Kampung Penarik"
2,"Kampung Perana"
2,"Kampung Pokok Asam"
2,"Kampung Raja"
2,"Kampung Ranggut"
2,"Kampung Seberang KedaWang"
2,"Kampung Seberang Kelibang"
2,"Kampung Seberang Ulu Melaka"
2,"Kampung Selat Bagan Asam"
2,"Kampung Selat Bagan Nyior"
2,"Kampung Simpang Empat"
2,"Kampung Sungai Itau"
2,"Kampung Sungai Kedak"
2,"Kampung Sungai Mati Akar"
2,"Kampung Sungai Menghulu"
2,"Kampung Sungai Nahar"
2,"Kampung Tanjong Kedawang"
2,"Kampung Tanjong Mali"
2,"Kampung Tanjong Rhu"
2,"Kampung Tanjung Pandan"
2,"Kampung Telok Apau"
2,"Kampung Telok Berembang"
2,"Kampung Telok Kedak"
2,"Kampung Telok Kisap"
2,"Kampung Telok Kumbar"
2,"Kampung Telok Ulu Melaka"
2,"Kampung Telok Yu"
2,"Kampung Teluk Berembang"
2,"Kampung Teluk Bujur"
2,"Kampung Tengah"
2,"Kampung Tepa"
2,"Kampung Tepi Laut"
2,"Kampung Titi Chanwang"
2,"Kampung Titi Tinggi"
2,"Kampung Wang Tok Rendong"
2,"Kampung Yooi"
2,Kedawang
2,"Kelab Desa Langkawi"
2,"Kompleks LADA"
2,"Kompleks Perumahan Guuru"
2,"Kompleks Perumahan Sri Negeri"
2,"Kondi Sri Idaman"
2,Kuah
2,"Kuala Teriang"
2,Langkawi
2,"Oriental Village"
2,"Padang Matsirat"
2,"Perumahan Kedah Cement"
2,"Port Langkasuka"
2,"Pulau Tuba"
2,"Sungai Limau Dalam"
2,"Sungai Raya Estate"
2,"Suria Century Resort"
2,"Taman Ara Jaya"
2,"Taman Bukit Indah (Fasa H & Fasa E)"
2,"Taman Dahlia"
2,"Taman Dayang"
2,"Taman Dayang Berjaya"
2,"Taman Delima"
2,"Taman Desa Permata"
2,"Taman Indah"
2,"Taman Intan"
2,"Taman Kemboja"
2,"Taman Kenari"
2,"Taman Langkawi"
2,"Taman Medan Jaya"
2,"Taman Nilam"
2,"Taman Perdana Quay"
2,"Taman Rimba Hijau"
2,"Taman Selaseh"
2,"Taman Seri Ayu"
2,"Taman Seri Berlian"
2,"Taman Seri Langkawi"
2,"Taman Seri Negeri"
2,"Taman Seri Pelangi"
2,"Taman Seroja"
2,"Taman Sri Aman"
2,"Taman Sri Dayang"
2,"Taman Sri Taman"
2,"Taman Unity"
2,"Taman Vokesional"
2,"Taman Wawasan Baru"
2,"Tanjung Gerak"
2,"Telaga Tujuh"
2,Temoyong
2,"Tok Puyuh"
2,"Ulu Melaka"
2,"Langkawi - Peti surat"
2,"Langkawi - Beg berkunci"
2,"Ambangan Height"
2,"Bakar Arang"
2,"Bandar Aman Jaya"
2,"Bandar Aman Jaya Utara"
2,"Bandar Astana A"
2,"Bandar Astana C"
2,"Bandar Laguna Merbok"
2,"Bandar Perdana"
2,"Bandar Perdana 9/1"
2,"Bandar Puteri Jaya"
2,"Batu 9 Lubuk Kawah"
2,"Dataran Semangat"
2,"EstateSungai Tukang"
2,"Flat Paya Nahu"
2,"Jalan Badlishah"
2,"Jalan Bakar Kapor"
2,"Jalan Bakar Sampah"
2,"Jalan Bank"
2,"Jalan Belakang Masjid Bakar Arang"
2,"Jalan Boria (1 - 2)"
2,"Jalan Bukit Lembu"
2,"Jalan Bunga Rampai"
2,"Jalan Dato Syed Osman Idid"
2,"Jalan Dewa"
2,"Jalan Gemelan Kuda Kepang"
2,"Jalan Hospital"
2,"Jalan Ibrahim"
2,"Jalan Inang"
2,"Jalan Kampung Baru"
2,"Jalan Kampung Baru (BAkar Arang)"
2,"Jalan Kampung Tengah"
2,"Jalan Kapal Terbang"
2,"Jalan Kelab Cinta Sayang"
2,"Jalan Kilang Papan Pekan Lama"
2,"Jalan Kolam Air"
2,"Jalan Kuala Ketil (Batu 2)"
2,"Jalan Kuda Kepang"
2,"Jalan Mawar Satu (Bakar Kapor)"
2,"Jalan Merbok"
2,"Jalan Merpati"
2,"Jalan Pegawai"
2,"Jalan Pegawai (1 - 2)"
2,"Jalan Pekaka"
2,"Jalan Penghulu Him"
2,"Jalan Pengkalan"
2,"Jalan Pengkalan Lebai Man"
2,"Jalan Pergam"
2,"Jalan Permatang Gedong"
2,"Jalan Petani"
2,"Jalan Putri"
2,"Jalan Sekerat"
2,"Jalan Sungai Layar"
2,"Jalan Taman Intan"
2,"Jalan Tiong"
2,"Jalan Undan"
2,"Kampung Abbas"
2,"Kampung Air Mendidih"
2,"Kampung Asam"
2,"Kampung Asi"
2,"Kampung Bahagia"
2,"Kampung Bakar Arang"
2,"Kampung Bakar Bata"
2,"Kampung Bakar Kapor"
2,"Kampung Bakar Sampah"
2,"Kampung Bakar Sampah Lima"
2,"Kampung Baru"
2,"Kampung Baru Permatang Berangan"
2,"Kampung Baru Pinang Tunggal"
2,"Kampung Baru Sungai Pasir"
2,"Kampung Baru Sungai Pasir Kecil (Jalan Kuala Ketil)"
2,"Kampung Batu Dua"
2,"Kampung Belakang Kilang Papan"
2,"Kampung Belakang Sekolah Cina"
2,"Kampung Belakang Sekolah Menengah"
2,"Kampung Belakang Taman Sungai Lalang"
2,"Kampung Benggali"
2,"Kampung Blok Hospital"
2,"Kampung Bukit Belah"
2,"Kampung Bukit Pengkalan Lebai Man"
2,"Kampung Bukit Sera"
2,"Kampung Bukit Sungai Pasir"
2,"Kampung Ceruk Kelian"
2,"Kampung Ceruk Kelubi"
2,"Kampung Cik Bema"
2,"Kampung Dakwah"
2,"Kampung Depan Balai"
2,"Kampung Gelugur"
2,"Kampung Gok"
2,"Kampung Gok Arang"
2,"Kampung Haji Din"
2,"Kampung Haji Ibrahim"
2,"Kampung Haji Ismail"
2,"Kampung Haji Rashid"
2,"Kampung Haji Wahab"
2,"Kampung Huda"
2,"Kampung Jalan Kilang Papan"
2,"Kampung Jawa"
2,"Kampung Jerung"
2,"Kampung Jurung"
2,"Kampung Kari"
2,"Kampung Kebun Bunga"
2,"Kampung Keda"
2,"Kampung Kendudong"
2,"Kampung Kepala Bukit"
2,"Kampung Kerbau"
2,"Kampung Kilang Makau"
2,"Kampung Kongsi Enam"
2,"Kampung Kuala Sidim"
2,"Kampung Kuda / Kuil"
2,"Kampung Lubok Kawah"
2,"Kampung Lubok Kiab"
2,"Kampung Masjid Sungai Layar"
2,"Kampung Masjid Sungai Pasir"
2,"Kampung Matang Berangan"
2,"Kampung Matang Dedung"
2,"Kampung Matang Kedundong"
2,"Kampung Nakhoda"
2,"Kampung Pa In"
2,"Kampung Padang"
2,"Kampung Padang Regent"
2,"Kampung Padang Sungai Pasir"
2,"Kampung Padang Temusu"
2,"Kampung Pak Ibrahim (Kampung Raja)"
2,"Kampung Paya"
2,"Kampung Paya Dua"
2,"Kampung Paya Empat"
2,"Kampung Paya Mengkuang"
2,"Kampung Paya Nahu"
2,"Kampung Penggir"
2,"Kampung Penghulu Him"
2,"Kampung Pengkalan"
2,"Kampung Pengkalan Lebai Man"
2,"Kampung Permatang Berangan"
2,"Kampung Permatang Kedondong"
2,"Kampung Pinang Dalam"
2,"Kampung Pinang Luar"
2,"Kampung Pinggir"
2,"Kampung Pokok Limau"
2,"Kampung Pokok Machang"
2,"Kampung Pulau Hawai"
2,"Kampung Pulau Tengah"
2,"Kampung Pulau Tiga"
2,"Kampung Pulau Tok Daud"
2,"Kampung Raja"
2,"Kampung Raja Garden"
2,"Kampung Redang"
2,"Kampung Sebelas"
2,"Kampung Seberang Sungai"
2,"Kampung Seberang Tok Soh"
2,"Kampung Sharif Tukang"
2,"Kampung Sireh"
2,"Kampung Songkia"
2,"Kampung Songkiar"
2,"Kampung Sungai Gelugur"
2,"Kampung Sungai Getah"
2,"Kampung Sungai Jagong"
2,"Kampung Sungai Layar"
2,"Kampung Sungai Tukang"
2,"Kampung Sungai Ujung"
2,"Kampung Sungkup Para"
2,"Kampung Surkam"
2,"Kampung Taman Mandi Lembu"
2,"Kampung Tanah Seribu"
2,"Kampung Tanah Seribu (Jalan Bukit Lembu)"
2,"Kampung Tasek Apong"
2,"Kampung Telok"
2,"Kampung Telok Wan Besar"
2,"Kampung Telok Wang"
2,"Kampung Telok Wang Kecil"
2,"Kampung Tengah"
2,"Kampung Tengah (Padang Tembusu)"
2,"Kampung Tengah (Sungai Pasir)"
2,"Kampung Teroi"
2,"Kampung Titi Mandi Lembu"
2,"Kampung Tok Iman"
2,"Kampung Tok Khamis"
2,"Kampung Tok Munah"
2,"Kampung Tok Soh"
2,"Kampung Wat Siam"
2,"Kawasan Industri Cindai Jaya"
2,"Kawasan Industri Saga"
2,"Kawasan Perindustrian Bakar Arang"
2,"Kawasan Perindustrian Bukit Makmur"
2,"Kawasan Perindustrian Sungai Lalang"
2,"Kawasan Perindustrian Sungai Tukang"
2,"Kawasan Perindustrian Yuland"
2,"Ladang Aman Jaya"
2,"Ladang Bukit Lembu"
2,"Ladang Eupe"
2,"Ladang Ghee Huat"
2,"Ladang Golden"
2,"Ladang Helender"
2,"Ladang Permatang Buluh"
2,"Ladang Pinang Tunggal"
2,"Ladang Rusa"
2,"Ladang Selambau"
2,"Ladang Sin Yu"
2,"Ladang Sungai"
2,"Ladang Sungai Getah"
2,"Ladang Sungai Tukang"
2,"Ladang Sungkup Para"
2,"Ladang Up"
2,"Ladang Up Rusa"
2,"Ladang Up Selambau"
2,"Leboh Zamrud"
2,"Pekan Atap"
2,"Pekan Lama Sungai Petani"
2,"Pekan Sungai Lalang"
2,"Pengkalan Sungai Lalang"
2,"Persiaran Kenanga Aman Jaya"
2,"Pinang Tunggal"
2,"Putrijaya Hillpark"
2,"Rancangan Perumahan Awam 3"
2,"Ria Jaya"
2,"Rumah Kedai Peruda"
2,"Rumah Murah Sungai Lalang"
2,"Simpang Scaboro"
2,"Sungai Layar Hujung"
2,"Sungai Pasir"
2,"Sungai Pasir Kechil"
2,"Sungai Petani"
2,"Taman Akid"
2,"Taman Aman"
2,"Taman Aman Jaya (Anggerik)"
2,"Taman Aman Jaya (Cempaka)"
2,"Taman Aman Jaya (Kenanga)"
2,"Taman Aman Jaya (Mawar)"
2,"Taman Aman Jaya (Melati)"
2,"Taman Aman Jaya (Seroja)"
2,"Taman Angsana"
2,"Taman Baiduri"
2,"Taman Baiduri (Maju)"
2,"Taman Baiduri Indah"
2,"Taman Bakar Arang"
2,"Taman Bandar Baru"
2,"Taman Bandar Perdana"
2,"Taman Bandar Perdana Tasmin"
2,"Taman Bandar Utama"
2,"Taman Baru"
2,"Taman Batek"
2,"Taman Berangan"
2,"Taman Berangan Sri"
2,"Taman Beringin Indah"
2,"Taman Berjaya"
2,"Taman Berjaya Baru"
2,"Taman Berlian"
2,"Taman Bersatu"
2,"Taman Bertam"
2,"Taman Bistari Jaya"
2,"Taman Bukit Bayu Banglo"
2,"Taman Bukit Makmur"
2,"Taman Bunga Raya"
2,"Taman Cahaya Baiduri"
2,"Taman Cemara"
2,"Taman Cempaka"
2,"Taman Cendana"
2,"Taman Cengai Emas"
2,"Taman Cengal Jaya"
2,"Taman Dahalia Indah"
2,"Taman Dahlia"
2,"Taman Delima"
2,"Taman Desa Aman"
2,"Taman Desa Bistari"
2,"Taman Desa Budiman"
2,"Taman Desa Indah"
2,"Taman Desa Jaya"
2,"Taman Desa Menanti"
2,"Taman Desa Meranti Indah"
2,"Taman Desa Permai"
2,"Taman Emas Suria"
2,"Taman Gedong"
2,"Taman Gemilang"
2,"Taman Hillpark"
2,"Taman Indah"
2,"Taman Intan"
2,"Taman Kampung Raja"
2,"Taman Keladi"
2,"Taman Keladi Angsana"
2,"Taman Kelisa"
2,"Taman Kelisa Ria"
2,"Taman Kempas"
2,"Taman Kenari"
2,"Taman Kenari Biru"
2,"Taman Kenari Indah"
2,"Taman Kenari Jaya"
2,"Taman Kenari Merdu"
2,"Taman Keranji"
2,"Taman Keranji Indah"
2,"Taman Kristal"
2,"Taman Kuala Muda"
2,"Taman Legenda Height"
2,"Taman Lembah Permai"
2,"Taman Lincungan Barat"
2,"Taman Maju"
2,"Taman Mas Suria"
2,"Taman Mawar"
2,"Taman Melati"
2,"Taman Melati Indah"
2,"Taman Melati Jaya"
2,"Taman Melati Layar"
2,"Taman Melor"
2,"Taman Melor Indah"
2,"Taman Merpati"
2,"Taman Mewah"
2,"Taman Mewah Indah"
2,"Taman Mewah Jaya"
2,"Taman Muazam Shah"
2,"Taman Muhibbah"
2,"Taman Mulia"
2,"Taman Mutiara"
2,"Taman Mutiara Indah"
2,"Taman Mutiara Jaya"
2,"Taman Nilam"
2,"Taman Nilam Sari"
2,"Taman Nuri"
2,"Taman Nuri Jaya"
2,"Taman Orkid"
2,"Taman Padi Mas"
2,"Taman Padi Mas Jaya"
2,"Taman Pahlawan"
2,"Taman Palma"
2,"Taman Pasir Mas"
2,"Taman Pasir Mas Indah"
2,"Taman Pasir Mas Jaya"
2,"Taman Pekan Baru"
2,"Taman Penaga"
2,"Taman Perdana Teja"
2,"Taman Permai"
2,"Taman Permai Beseri Jaya"
2,"Taman Permai Bistari"
2,"Taman Permata"
2,"Taman Permata Hillpark"
2,"Taman Permata Semarak"
2,"Taman Peruda 2"
2,"Taman Peruda Utama"
2,"Taman Perusahaan Ringan Padang Temusu"
2,"Taman Petani Jaya"
2,"Taman Pinang Emas"
2,"Taman Pinang Tunggal"
2,"Taman PKNK Bakar Arang"
2,"Taman PKNK Cahaya"
2,"Taman Ria"
2,"Taman Ria Indah"
2,"Taman Ria Murni"
2,"Taman Ros"
2,"Taman Sejahtera"
2,"Taman Sejati"
2,"Taman Sejati Gold"
2,"Taman Sejati Indah"
2,"Taman Semangat"
2,"Taman Semangat Indah"
2,"Taman Semarak"
2,"Taman Sentosa"
2,"Taman Sepakat"
2,"Taman Seraya"
2,"Taman Seri Astana"
2,"Taman Seri Baiduri"
2,"Taman Seri Gadong"
2,"Taman Seri Impian"
2,"Taman Seri Menanti"
2,"Taman Seri Mutiara"
2,"Taman Seri Putera"
2,"Taman Seri Songket"
2,"Taman Seri Tanjung"
2,"Taman Seri Wang"
2,"Taman Serindik"
2,"Taman Seruling"
2,"Taman Seruling Indah"
2,"Taman Setia Jaya"
2,"Taman Siaran Aman Jaya"
2,"Taman Sidam"
2,"Taman Sinar Baiduri"
2,"Taman Sinar Intan"
2,"Taman Sinar Permata"
2,"Taman Songket Indah"
2,"Taman Sri Baiduri"
2,"Taman Sri Bayu"
2,"Taman Sri Bayu 2"
2,"Taman Sri Cendana"
2,"Taman Sri Emas"
2,"Taman Sri Gedong"
2,"Taman Sri Telok Wang"
2,"Taman Sri Wang"
2,"Taman Sri Wangi"
2,"Taman Sungai Lalang (1 - 2)"
2,"Taman Sutera"
2,"Taman Sutera Idaman"
2,"Taman Sutera Jaya"
2,"Taman Sutra Suria"
2,"Taman Telok Baiduri"
2,"Taman Teratai"
2,"Taman Teratai Indah"
2,"Taman Teratai Mekar"
2,"Taman Tiong"
2,"Taman Tuanku Aminah"
2,"Taman Tuanku Hamimah"
2,"Taman Widuri"
2,"Taman Wira"
2,"Taman Wira Jaya"
2,"Sungai Petani - Peti surat"
2,"Sungai Petani - Beg berkunci"
2,"Bukit Belachan"
2,"Bukit Selambau"
2,"Bumi Muda Estate"
2,"Kampung Baru Bukit Selambau"
2,"Kampung Batu Belachan"
2,"Kampung Bukit Terabak"
2,"Kampung Haji Hashim"
2,"Kampung Haji Hassan"
2,"Kampung Haji Mangon"
2,"Kampung Haji Mehat"
2,"Kampung Haji Safar"
2,"Kampung Jerai"
2,"Kampung Klinik"
2,"Kampung Kuala Sin"
2,"Kampung Lima Puluh Relong"
2,"Kampung Lubok Batu"
2,"Kampung Pegawai"
2,"Kampung Penghulu Tua"
2,"Kampung Perak"
2,"Kampung Serungkup"
2,"Kampung Sin Heng Estate"
2,"Kampung Sungai Anak Ikan"
2,"Kampung Sungai Gajah"
2,"Kampung Sungai Nyior"
2,"Kampung Tengkorak Batu"
2,"Kebun 400"
2,"Kongsi Tiga"
2,"Poh Lim Estate"
2,"Simpang Kuala Sin"
2,Bedong
2,Bujang
2,"Bukit Merah"
2,"Kampung Bakar Sampah"
2,"Kampung Baru Bedong"
2,"Kampung Batu Hampar"
2,"Kampung Bendang Dalam"
2,"Kampung Haji Ngah"
2,"Kampung Kuala Muda Estate"
2,"Kampung Lebai Ali"
2,"Kampung Matang Samak"
2,"Kampung Pengkalan Bujang"
2,"Kampung Pinang"
2,"Kampung Pisang"
2,"Kampung Semeling"
2,"Kampung Sungai Keluang"
2,"Kampung Sungai Tok Pawang"
2,"Kampung Telaga China"
2,"Kampung Telok"
2,"Kampung Tempoyak"
2,"Kampung Tupah"
2,"Ladang Sungai Bongkok"
2,Semiling
2,"Sungai Lalang"
2,"Taman Bandar Baru"
2,"Taman Bersatu Maju"
2,"Taman Desa Budiman"
2,"Taman Harmoni"
2,"Taman Lembah Bujang (Fasa 1 & 2)"
2,"Taman Mesra Indah"
2,"Taman Permai (Fasa 2)"
2,"Taman Permaipura Mesra"
2,"Taman Permaipura Murni"
2,"Taman Sinar Mentari"
2,"Thye Seng Estate"
2,"Kampung Huma"
2,"Kampung Paya"
2,"Kampung Singkir"
2,"Kampung Singkir Darat"
2,"Kampung Singkir Genting"
2,"Kampung Singkir Kedai Keling"
2,"Kampung Singkir Laut"
2,"Kampung Sungai Deraka"
2,"Kampung Sungai Pial"
2,"Rancangan Tanah Jilid 1 - 2"
2,"Taman Sri Mesra"
2,"Kampung Balong Ayam"
2,"Kampung Banggol"
2,"Kampung Banggol Dedap"
2,"Kampung Banggol Selayang"
2,"Kampung Batu Lapan"
2,"Kampung Belimbing"
2,"Kampung Bendang Man"
2,"Kampung Bendang Tebal"
2,"Kampung Bendang Temenggiat"
2,"Kampung Charok Kamuning"
2,"Kampung Charok Kelian"
2,"Kampung Charok Kit"
2,"Kampung Charok Kudong"
2,"Kampung Charok Padang"
2,"Kampung Charok Pelandok"
2,"Kampung Charok Rambai"
2,"Kampung Charok Sejok"
2,"Kampung Charok Sireh"
2,"Kampung Chepir"
2,"Kampung Chong"
2,"Kampung Hujong Bechah"
2,"Kampung Hujung Bandar"
2,"Kampung Hujung Tandop"
2,"Kampung Jelutong"
2,"Kampung Jering"
2,"Kampung Joget"
2,"Kampung Kemelong"
2,"Kampung Kerawai"
2,"Kampung Lalang"
2,"Kampung Lubok Besar"
2,"Kampung Namek"
2,"Kampung Paya Terendam"
2,"Kampung Sadu"
2,"Kampung Sedu"
2,"Kampung Sena"
2,"Kampung Sungai Batang"
2,"Kampung Sungai Senam"
2,"Kampung Tanjong"
2,"Kampung Titi Semang"
2,Nanir
2,"Tanjung Dawai"
2,Gulau
2,"Kampung Baru Nami"
2,"Kampung Batu Seketul"
2,"Kampung Belantek"
2,"Kampung Bukit Batu"
2,"Kampung Bukit Berangan"
2,"Kampung Cerok Tenang"
2,"Kampung Charok Sedau"
2,"Kampung Danglau"
2,"Kampung Gubir"
2,"Kampung Gulau"
2,"Kampung Jurong"
2,"Kampung Kota Aur"
2,"Kampung Kuala Beris"
2,"Kampung Kubang Kesom"
2,"Kampung Landai"
2,"Kampung Lubok Jerai"
2,"Kampung Lubok Nami"
2,"Kampung Lutang"
2,"Kampung Perangin"
2,"Kampung Perangkap"
2,"Kampung Pinang"
2,"Kampung Sungai Kap"
2,"Kampung Surau"
2,"Kampung Tanjong Piring"
2,Sik
2,Gurun
2,"Kampung Baru Gurun"
2,"Kampung Batu 21"
2,"Kampung Belakang Sekolah Gurun"
2,"Kampung Bongkok"
2,"Kampung Gual Nanas"
2,"Kampung Guar Jumaat"
2,"Kampung Jelatang"
2,"Kampung Kilang Papan"
2,"Kampung Masjid Baru"
2,"Kampung Padang Bongkok"
2,"Kampung Pulau Chengai"
2,"Kampung Sungai Badak"
2,"Kampung Sungai Ibor"
2,"Kampung Sungai Kunyit"
2,"Kem Hobart"
2,"Ladang Chin Hong"
2,"Ladang Choon Hong"
2,"Ladang Habsah"
2,"Ladang Hor Soon"
2,"Ladang Lenton"
2,"Ladang Lim Heng Tong"
2,"Ladang Soon Lee"
2,"Ladang Sungai Padu"
2,"Ladang Tai Cheang"
2,"Ladang Thor Boon Tham"
2,"Ladang Thye Lye"
2,"Ladang Tzi Cheang"
2,"Ladang Wong Jee"
2,"Ladang Yeoh Eng"
2,"Ladang Yom Long"
2,Nami
2,"Taman Berjaya"
2,"Taman Gurun Indah"
2,"Taman Jerai Harmoni"
2,"Taman Jerai Indah"
2,"Taman Jerai Maju"
2,"Taman Jerai Mas"
2,"Taman Lindungan Jerai"
2,"Taman Puteri Lanjeda"
2,"Taman Ria Mesra Fasa 2"
2,"Desa Jaya"
2,"Kampung Banggol"
2,"Kampung Banggol Luar"
2,"Kampung Baru Kura"
2,"Kampung Bentong"
2,"Kampung Bentong Dalam"
2,"Kampung Bukit Hangus"
2,"Kampung Charok Tala"
2,"Kampung Dahaman"
2,"Kampung Dusun Pengapit"
2,"Kampung Gajah Puteh"
2,"Kampung Jeram Buaya"
2,"Kampung Kota Bukit"
2,"Kampung Kuala Berok"
2,"Kampung Kuala Hai"
2,"Kampung Kuala Kerik"
2,"Kampung Kuala Ruman"
2,"Kampung Kubang Yoi"
2,"Kampung Kura"
2,"Kampung Langgok Tanjong"
2,"Kampung Masjid"
2,"Kampung Padang Besar"
2,"Kampung Padang Chichak"
2,"Kampung Padang Pulut"
2,"Kampung Parit"
2,"Kampung Pasir Pokok"
2,"Kampung Pengkalan Raja"
2,"Kampung Pokok Jerai"
2,"Kampung Sungai Semiar"
2,"Kampung Sungai Setar"
2,"Kampung Tala"
2,"Kampung Tanjong"
2,"Kampung Tengah"
2,"Taman Ria Mesra"
2,"Kampung Baru Bukit Kuang"
2,"Kampung Baru Paya Mengkuang"
2,"Kampung Chempedak"
2,"Kampung Jalan Kilang Bata"
2,"Kampung Kubur Lama"
2,"Kampung Lubuk Reba"
2,"Kampung Paya Serdang"
2,"Kampung Selamat Air Puteh"
2,"Kampung Tok Aris"
2,"LKTP Bukit Kuang"
2,"LKTP Paya Mengkuang"
2,"Padang Lembu"
2,"Bandar Baru Beris Jaya"
2,"Batu 5 Sik"
2,"Kampung Bandar"
2,"Kampung Baru Seri Dacing"
2,"Kampung Batu Besar"
2,"Kampung Charok Malau"
2,"Kampung Charok Tualang"
2,"Kampung Merbau Kudong"
2,"Kampung Sungai Namek"
2,"Kampung Tanjong Besar"
2,"Kampung Teloi"
2,"Kampung Tupai"
2,"Perumahan Keda Sik"
2,"Perumahan Keda Sik Dalam"
2,"Perumahan Keda Sik Kota A"
2,"Taman Aked"
2,"Taman Makmur"
2,"Taman Seroja"
2,"Taman Sri Enggang"
2,"Kampung Badong"
2,"Kampung Banggol"
2,"Kampung Baru Merbok"
2,"Kampung Belau"
2,"Kampung Bukit Haji Omar"
2,"Kampung Hilir"
2,"Kampung Jilid"
2,"Kampung Merbok"
2,"Kampung Padang Sora"
2,"Kampung Pasir"
2,"Kampung Singkir Badong"
2,Merbok
2,"Simpang Tiga Pasir"
2,"Taman Sepakat"
2,"Merbok  - Peti surat"
2,"Merbok  - Beg berkunci"
2,"Alor Nibong"
2,"Batas Ban"
2,"Batu Lintang"
2,"Bukit Kechik"
2,"Kampung Alor Bemban"
2,"Kampung Alor Jawi"
2,"Kampung Bakar Arang"
2,"Kampung Batu 45 (Hutan Gelam)"
2,"Kampung Bukit Berangan"
2,"Kampung Bukit Berapit"
2,"Kampung Bukit Damar"
2,"Kampung Bukit Kecil Simpor"
2,"Kampung Bukit Meriam"
2,"Kampung Bukit Pantai"
2,"Kampung Bukit Perah"
2,"Kampung Bukit Petai"
2,"Kampung Bukit Tukang Jusoh"
2,"Kampung Dusun Tua"
2,"Kampung Haji Kudong"
2,"Kampung Hujong Matang"
2,"Kampung Kepala Jalan"
2,"Kampung Komoi"
2,"Kampung Kubang Jambu"
2,"Kampung Kubang Siam"
2,"Kampung Lembah"
2,"Kampung Masjid"
2,"Kampung Masjid Batu"
2,"Kampung Nangka"
2,"Kampung Padang Binjal"
2,"Kampung Padang Kubu"
2,"Kampung Padang Limau"
2,"Kampung Padang Regent"
2,"Kampung Padang Salim"
2,"Kampung Pantai Merdeka"
2,"Kampung Paya"
2,"Kampung Pengkalan Bukit Kecil"
2,"Kampung Pengkalan Bukit Lintang"
2,"Kampung Perlis"
2,"Kampung Permatang Bagan"
2,"Kampung Permatang Batu"
2,"Kampung Permatang Bukit Lintang"
2,"Kampung Permatang Kabu"
2,"Kampung Permatang Katong"
2,"Kampung Permatang Kecil"
2,"Kampung Permatang Kelompang"
2,"Kampung Permatang Langsat"
2,"Kampung Permatang Merbau"
2,"Kampung Permatang Nyior"
2,"Kampung Permatang Pasir"
2,"Kampung Permatang Ringan"
2,"Kampung Permatang Tengah"
2,"Kampung Pulau Sayak"
2,"Kampung Rantau Panjang"
2,"Kampung Simpang Tiga Teluk Nipah"
2,"Kampung Sintok Bugis"
2,"Kampung Sireh"
2,"Kampung Sungai Deraka"
2,"Kampung Sungai Emas"
2,"Kampung Sungai Korok"
2,"Kampung Sungai Meriam"
2,"Kampung Sungai Reba"
2,"Kampung Sungai Yu"
2,"Kampung Telaga Batu"
2,"Kampung Telok Amboi"
2,"Kampung Telok Bayu"
2,"Kampung Telok Bilik"
2,"Kampung Telok Nipah"
2,"Kampung Tepi Sungai"
2,"Kota Kuala Muda"
2,"Kuala Sungai Muda"
2,"Pulau Sayak"
2,"Seberang Terus"
2,Simpor
2,"Kota Kuala Muda - Peti surat"
2,"Kota Kuala Muda - Beg berkunci"
2,"Kampung Baru Simpor"
2,"Kampung Baru Tikam Batu"
2,"Kampung Berapit"
2,"Kampung Bukit Lalang"
2,"Kampung Masjid"
2,"Kampung Matang Durian"
2,"Kampung Padang"
2,"Kampung Padang Buluh"
2,"Kampung Padang Penghulu"
2,"Kampung Paya Kerchut"
2,"Kampung Pokok Kabu"
2,"Kampung Pulau Sepom"
2,"Kampung Sekolah"
2,"Kampung Titi Merdeka"
2,Jeneri
2,Jeniang
2,"Kampung Berona"
2,"Kampung Berona Kanan"
2,"Kampung Berona Kiri"
2,"Kampung Bigia"
2,"Kampung Bukit Minyak"
2,"Kampung Chemara"
2,"Kampung Kalai"
2,"Kampung Kuala Bigia"
2,"Kampung Mambong"
2,"Kampung Padang Ragut"
2,"Kampung Shanghai"
2,"Tikam Batu"
2,"Batu 20 Jalan Yan"
2,"Guar Chempedak"
2,"Gurun (Km 27)"
2,"Kampung Batu 16"
2,"Kampung Batu 17 (Jalan Sungai Petani)"
2,"Kampung Batu 18"
2,"Kampung Batu 20"
2,"Kampung Belinda"
2,"Kampung Belinga Siam"
2,"Kampung Bendang"
2,"Kampung Guar Stesen"
2,"Kampung Kepala 30"
2,"Kampung Kepala Bukit"
2,"Kampung Kubur"
2,"Kampung Manggol Lalang"
2,"Kampung Masjid"
2,"Kampung Padang Lumat"
2,"Kampung Pasir"
2,"Kampung Sungai Baru"
2,"Kampung Sungai Pasir"
2,"Kampung Sungai Saberang"
2,"Kampung Sungai Tok Rama"
2,"Kampung Titi Batu"
2,"Kampung Titi Bom"
2,"Kampung Titi Teras"
2,"Kampung Tok Kau"
2,"Kampung Ulu Teroi"
2,"Padang Lumat"
2,"Pekan Terai"
2,"Pondok Haji Majid"
2,"Taman Desa Aman 1"
2,"Taman Desa Aman 2"
2,"Taman Lambaian Jerai"
2,"Terai Bukit"
2,"Bandar Baru Kulim"
2,"Bandar Putra Kulim"
2,"Batu 4 Sungai Ular"
2,Junjung
2,"Kampung Air Merah"
2,"Kampung Ayer Puteh (Kulim)"
2,"Kampung Baru Air Merah"
2,"Kampung Batu 3 (Jalan Lunas)"
2,"Kampung Batu 4 (Sungai Ular)"
2,"Kampung Binjal"
2,"Kampung Bukit Besar"
2,"Kampung Darulaman"
2,"Kampung Dusun"
2,"Kampung Haji Arshad"
2,"Kampung Keladi"
2,"Kampung Kilang Sago"
2,"Kampung Padang Kulim"
2,"Kampung Padang Penyangga"
2,"Kampung Padang Tembak"
2,"Kampung Paya Tok Betuk"
2,"Kampung Permatang Janggus"
2,"Kampung Permatang Tiong"
2,"Kampung Pondok Labu"
2,"Kampung Pong Ah Yong"
2,"Kampung Sungai Badak"
2,"Kampung Syed Shekh"
2,"Kampung Tok Rasul"
2,"Kampung Tunku Putra  (A - C)"
2,"Kawasan Industri Hi-Tech"
2,"Kelang Lama"
2,"Kem Junjung"
2,"Kota Kenari"
2,Kulim
2,"Ladang Bagan Sena"
2,"Ladang BMR Batu Tuteh"
2,"Lebuh Bandar"
2,"Padang Buluh"
2,"Padang Janggus"
2,"Pusat Perniagaan Putra"
2,"Simpang Tiga Keladi"
2,"Sungai Ular"
2,"Taman Aman"
2,"Taman Angerik"
2,"Taman Angsana"
2,"Taman Badlishah"
2,"Taman Bandar Putra"
2,"Taman Bayam (1 & 2)"
2,"Taman Bayan"
2,"Taman Bendi"
2,"Taman Beringin"
2,"Taman Berjaya"
2,"Taman Berlian"
2,"Taman Bersatu"
2,"Taman Bidara"
2,"Taman Bistari"
2,"Taman Budiman"
2,"Taman Bukit Awi"
2,"Taman Bukit Kulim"
2,"Taman Bunga Mawar"
2,"Taman Camar"
2,"Taman Candrawasih"
2,"Taman Cekor Manis"
2,"Taman Cempaka"
2,"Taman Cempakasari"
2,"Taman Cendana"
2,"Taman Cengal"
2,"Taman Ceri"
2,"Taman Dahlia"
2,"Taman Desa Impian"
2,"Taman Desa Kasturi"
2,"Taman Desa Makmur"
2,"Taman Desa Melati"
2,"Taman Desa Penaga"
2,"Taman Desa Permai"
2,"Taman Desa Sentosa"
2,"Taman Ehsan (2 & 3)"
2,"Taman Emas"
2,"Taman Gemilang"
2,"Taman Harmoni"
2,"Taman Haruan"
2,"Taman Helang Perdana"
2,"Taman High Tech Avenue"
2,"Taman High Tech Utama"
2,"Taman Impian"
2,"Taman Indah"
2,"Taman Industri Waja"
2,"Taman Jati"
2,"Taman Jelutung"
2,"Taman Kancil"
2,"Taman Kangkong (1 & 2)"
2,"Taman Kejora"
2,"Taman Kekwa"
2,"Taman Keladi"
2,"Taman Kempas (1 & 2)"
2,"Taman Kemuning"
2,"Taman Kemunting"
2,"Taman Kenari"
2,"Taman Kenyalang"
2,"Taman Keranji (1 - 3)"
2,"Taman Khir Johari"
2,"Taman Kijang"
2,"Taman Kobis"
2,"Taman KTC 1 & 2 (Hi-Tech)"
2,"Taman Kucai"
2,"Taman Kulim"
2,"Taman Kulim Baru"
2,"Taman Kulim Golf"
2,"Taman Kulim Hegiht"
2,"Taman Kulim Perdana"
2,"Taman Kulim Square"
2,"Taman Lembah Impiana"
2,"Taman Lobak"
2,"Taman Lobak 2"
2,"Taman Mahkota"
2,"Taman Makmur"
2,"Taman Maktab"
2,"Taman Manggis"
2,"Taman Melor"
2,"Taman Melor Indah"
2,"Taman Merak"
2,"Taman Meranti"
2,"Taman Merbok"
2,"Taman Merpati"
2,"Taman Mewah (1 - 3)"
2,"Taman Nenas"
2,"Taman Nenas Indah"
2,"Taman Nilam Baiduri"
2,"Taman Nuri"
2,"Taman Okid"
2,"Taman Pandan Indah"
2,"Taman Pegaga"
2,"Taman Pelangi"
2,"Taman Perak"
2,"Taman Peria"
2,"Taman Perusahaan Saujana"
2,"Taman Petaling"
2,"Taman Petaling Indah"
2,"Taman Petaling Indah (1 & 2)"
2,"Taman Petaling Jaya"
2,"Taman PKNK"
2,"Taman Pondok Labu"
2,"Taman Pudina"
2,"Taman Putra"
2,"Taman Rambai"
2,"Taman Ru"
2,"Taman Rusa"
2,"Taman Saderi"
2,"Taman Saga"
2,"Taman Sago"
2,"Taman Salad"
2,"Taman Sawi"
2,"Taman Sejahtera"
2,"Taman Sejahtera 2"
2,"Taman Seladang"
2,"Taman Selasih"
2,"Taman Selasih Lima"
2,"Taman Seluang"
2,"Taman Semarak"
2,"Taman Senangin"
2,"Taman Sentosa"
2,"Taman Seraya Indah"
2,"Taman Seri Kulim"
2,"Taman Seri Liman"
2,"Taman Seri Petaling"
2,"Taman Seri Pinang"
2,"Taman Seri Tanjung"
2,"Taman Serindik"
2,"Taman Seroja"
2,"Taman Sri Abadi"
2,"Taman Sri Kenanga"
2,"Taman Sri Sentosa"
2,"Taman Suasa"
2,"Taman Sulaiman"
2,"Taman Tanjung Indah"
2,"Taman Technocity"
2,"Taman Tengku Putra"
2,"Taman Teratai"
2,"Taman Tiong (1 & 2)"
2,"Taman Tiram"
2,"Taman Tiram Indah"
2,"Taman Tunku Putera"
2,"Taman Waja"
2,Teroi
2,"Kulim - Peti surat"
2,"Kulim - Beg berkunci"
2,"Kampung Bagan Sena"
2,"Kampung Banggol Berangan"
2,"Kampung Bikan"
2,"Kampung Bikan Atas"
2,"Kampung Bukit Chempedak"
2,"Kampung Jubai Atas"
2,"Kampung Jubai Bawah"
2,"Kampung Jubai SC"
2,"Kampung Keda Bagan Sena"
2,"Kampung Padang Bola"
2,"Kampung Padang Patong"
2,"Kampung Padang Ubi"
2,"Kampung Petani"
2,"Kampung Selarong"
2,"Labu Besar"
2,"Bukit Hijau"
2,"Felcra Bukit Hijau"
2,"Kampung Ayer Kepar"
2,"Kampung Ayer Merah"
2,"Kampung Banggol Enggok"
2,"Kampung Baru Kuala Nau"
2,"Kampung Jernang"
2,"Kampung Kuala Nau"
2,"Kampung Machang Bubuk"
2,"Kampung Malau"
2,"Kampung Seratus"
2,"Kampung Tanjung Luas"
2,"Kampung Terus Gading"
2,"Kampung Tok Sin (Malau)"
2,"Kampung Ulu Bakai"
2,"Keda Ulu bakai"
2,"Sekolah Jenis Kebangsaan (T) Ladang Pelam"
2,"Sekolah Jenis Kebangsaan Cina Poi Chee"
2,"Sekolah Kebangsaan Malau"
2,"Sekolah Menengah Kebangsaan Ulu Bakai"
2,Baling
2,Bongor
2,"Jalan Baling (Batu 36 1/4)"
2,"Kampung Ambing"
2,"Kampung Asam Jawa"
2,"Kampung Ayer Kembai"
2,"Kampung Bakar Arang"
2,"Kampung Bakar Bata"
2,"Kampung Bakong"
2,"Kampung Baling Lubok Pedati"
2,"Kampung Bandar"
2,"Kampung Banggol"
2,"Kampung Banggol Bongor"
2,"Kampung Banggol Glugor"
2,"Kampung Banggol Lada"
2,"Kampung Banggol Leban"
2,"Kampung Banggol Petai"
2,"Kampung Banggol Saga / Setol"
2,"Kampung Banggol Setang"
2,"Kampung Banggol Wan Mat"
2,"Kampung Bangsan"
2,"Kampung Baru"
2,"Kampung Batu 7"
2,"Kampung Batu Lapan"
2,"Kampung Bawah Gunong"
2,"Kampung Becah Sawa"
2,"Kampung Belangga Kuala"
2,"Kampung Bendang Darat"
2,"Kampung Bendang Sera"
2,"Kampung Benggali"
2,"Kampung Berjaya"
2,"Kampung Bonggol Berangan"
2,"Kampung Bukit Badak"
2,"Kampung Bukit Berangan"
2,"Kampung Bukit Datuk Harun"
2,"Kampung Bukit Hilir"
2,"Kampung Bukit Hitam"
2,"Kampung Bukit Ijok"
2,"Kampung Bukit Ketil"
2,"Kampung Bukit Palong"
2,"Kampung Bukit Payang"
2,"Kampung Bukit Puyuh (Batu 47 1/4)"
2,"Kampung Bukit Sebelah"
2,"Kampung Bukit Tengiling"
2,"Kampung Bukit Tok Giling"
2,"Kampung Bukit Tok Kaya"
2,"Kampung Cerok Sotong"
2,"Kampung Charok Akar"
2,"Kampung Charok Bakong"
2,"Kampung Charok Bunting"
2,"Kampung Charok Gorok"
2,"Kampung Charok Juan"
2,"Kampung Charok Kapas"
2,"Kampung Charok Kelian"
2,"Kampung Charok Kelian Ulu"
2,"Kampung Charok Putih"
2,"Kampung Charok Salang"
2,"Kampung Charok Sik"
2,"Kampung Charok Tilam"
2,"Kampung Che Wan Jusoh"
2,"Kampung Chegar Tok Bandar"
2,"Kampung Chenarai (Kuala Pegang)"
2,"Kampung Chenerai"
2,"Kampung Cherok Nau"
2,"Kampung Cherok Sotong"
2,"Kampung Chorok Kapas"
2,"Kampung Chorok Ker (Batu 7)"
2,"Kampung Chorok Saling"
2,"Kampung Dalam Rimau"
2,"Kampung Dato (Batu 43)"
2,"Kampung Dusun Besar"
2,"Kampung Dusun Gani"
2,"Kampung Dusun Raja"
2,"Kampung Gabus"
2,"Kampung Gertak Serong"
2,"Kampung Haji Abas"
2,"Kampung Haji Yunus"
2,"Kampung Jalan Jenalik"
2,"Kampung Jenalik"
2,"Kampung Kaki Bukit"
2,"Kampung Kebun Ubi"
2,"Kampung Keledang Dalam"
2,"Kampung Kelian Dalam"
2,"Kampung Ketemba"
2,"Kampung Ketemba Kememeh"
2,"Kampung Ketemba Masjid"
2,"Kampung Kijang"
2,"Kampung Kota"
2,"Kampung Kuala Balok"
2,"Kampung Kuala Kedua"
2,"Kampung Kuala Kijang"
2,"Kampung Kubor Tok Ali"
2,"Kampung Lahar"
2,"Kampung Lalang"
2,"Kampung Lanai"
2,"Kampung Legong"
2,"Kampung Lela"
2,"Kampung Luar"
2,"Kampung Lubok Badak"
2,"Kampung Lubok Batu"
2,"Kampung Lubok Batu (Kuala Pegang)"
2,"Kampung Lubok Kabu"
2,"Kampung Lubok Pedati"
2,"Kampung Makliah"
2,"Kampung Mali"
2,"Kampung Masjid (Batu 48 1/4)"
2,"Kampung Masjid (Km 77)"
2,"Kampung Masjid Lama"
2,"Kampung Masjid Pulai"
2,"Kampung Masjid Sera"
2,"Kampung Mengkuang"
2,"Kampung Mengkuang Hujong"
2,"Kampung Mengkuang Masjid"
2,"Kampung Mengkuang Tengah"
2,"Kampung Murni"
2,"Kampung Nering"
2,"Kampung Padang"
2,"Kampung Padang Chik Mas"
2,"Kampung Padang Ketemba"
2,"Kampung Pajak"
2,"Kampung Pantai"
2,"Kampung Pantai Lubuk Pedati"
2,"Kampung Pantai Raja"
2,"Kampung Parit Pandang"
2,"Kampung Paya"
2,"Kampung Paya Gua Kelambu"
2,"Kampung Paya Pulai"
2,"Kampung Pecah Tok Bulan"
2,"Kampung Pokok Sena"
2,"Kampung Pokok Setol"
2,"Kampung Raja"
2,"Kampung Rambong"
2,"Kampung Rambong Padang"
2,"Kampung Rambong Tengah"
2,"Kampung Rumah Besi"
2,"Kampung Sekolah Bonggor"
2,"Kampung Seladang Rebah"
2,"Kampung Sera"
2,"Kampung Sera Ulu"
2,"Kampung Seri Bulan"
2,"Kampung Seri Ketengga"
2,"Kampung Setol"
2,"Kampung Simpang Ampat"
2,"Kampung Siput"
2,"Kampung Sirako"
2,"Kampung Sungai Batu"
2,"Kampung Sungai Limau"
2,"Kampung Sungai Tas"
2,"Kampung Sungai Tebak"
2,"Kampung Sungai Tembak"
2,"Kampung Surau"
2,"Kampung Tandop"
2,"Kampung Tanjong Langsat"
2,"Kampung Tanjong Merbau"
2,"Kampung Tanjong Pari"
2,"Kampung Tanjung (Batu 44 1/2)"
2,"Kampung Tas"
2,"Kampung Telok"
2,"Kampung Telok Kangar"
2,"Kampung Telok Pendiat"
2,"Kampung Telok Perah"
2,"Kampung Telok Perah Hulu"
2,"Kampung Telok Rambong"
2,"Kampung Telok Sanau"
2,"Kampung Telok Sungai Durian"
2,"Kampung Telok Teduri"
2,"Kampung Telok Temelah"
2,"Kampung Telok Tok Patah"
2,"Kampung Temusu"
2,"Kampung Terbak"
2,"Kampung Titi Mentaling"
2,"Kampung Titi Merbau"
2,"Kampung Titi Teduri"
2,"Kampung Tok Diah"
2,"Kampung Tok Golok"
2,"Kampung Tok Lipan"
2,"Kampung Tok Saban"
2,"Kampung Tok Seri"
2,"Kampung Tok Sonan"
2,"Kampung Tok Weng"
2,"Kampung Tualang"
2,"Kampung Tualang Bok"
2,"Kampung Wat Siam"
2,"Kampung Weng"
2,"Kampung Weng Dalam"
2,"Ketemba (Batu 35)"
2,"Kuala Pegang"
2,Malau
2,"Padang Temu"
2,"Pokok Sena (Batu 45)"
2,Pulai
2,"Taman Abadi"
2,"Taman Baiduri"
2,"Taman Bayu Indah"
2,"Taman Bersatu"
2,"Taman Bukit"
2,"Taman Desa Anggerik"
2,"Taman Hajah Halimah"
2,"Taman Harmoni"
2,"Taman Impian"
2,"Taman Kota Baling Jaya"
2,"Taman Kota Jaya"
2,"Taman Mahmud"
2,"Taman Saga"
2,"Taman Semarak"
2,"Taman Sepakat"
2,"Taman Sri Aman"
2,"Taman Sri Aman"
2,"Taman Sri Baling"
2,"Kampung Batu Kuala Pegang"
2,"Kampung Berjaya"
2,"Kampung Bukit Badak"
2,"Kampung Bukit Hilir"
2,"Kampung Bukit Hitam"
2,"Kampung Cerok Kapas"
2,"Kampung Cerok Tilan"
2,"Kampung Keledang"
2,"Kampung Ketemba Keminis"
2,"Kampung Kuala Balut"
2,"Kampung Kuala Cenerai"
2,"Kampung Kuala Cenerai Bat"
2,"Kampung Kuala Pegang"
2,"Kampung Lela"
2,"Kampung Lubuk Kabu"
2,"Kampung Murni"
2,"Kampung Padang"
2,"Kampung Padang Ketumba"
2,"Kampung Padang Toi"
2,"Kampung Seberang Titi"
2,"Kampung Telok Perah"
2,"Kampung Temusu"
2,"Kampung Terbak"
2,"Kampung Titi Melintang"
2,"Kampung Titi Merbau"
2,"Kampung Titi Teduri"
2,"Kampung Tok Diah"
2,"Kampung Tok Golok"
2,"Kampung Tok Seri"
2,"Kampung Wat Siam"
2,"Kampung Weng Dalam"
2,"Ketemba (Batu 35)"
2,"Ketemba Masjid"
2,"Taman Intan"
2,"Banggol Lahar"
2,"Bukit Terabak"
2,"Gua Rebah"
2,"Kampung Bendang Becah"
2,"Kampung Bendang Padang"
2,"Kampung Bokbak"
2,"Kampung Bubang Panjang"
2,"Kampung Bukit Iboi"
2,"Kampung Bukit Tinggi"
2,"Kampung Charok Kapas"
2,"Kampung Charok Sikin"
2,"Kampung Charuk Bemban"
2,"Kampung Gua Reban"
2,"Kampung Hangus"
2,"Kampung Iboi"
2,"Kampung Jerai"
2,"Kampung Kuala Kuang"
2,"Kampung Kubang Panjang"
2,"Kampung Landak"
2,"Kampung Landak Batu 39"
2,"Kampung Landak Bukit"
2,"Kampung Landak Hilir"
2,"Kampung Landak Paya"
2,"Kampung Padang China"
2,"Kampung Padang Dan"
2,"Kampung Pak Bong"
2,"Kampung Pisang"
2,"Kampung Raja"
2,"Kampung Rambong"
2,"Kampung Sadik"
2,"Kampung Seniyek"
2,"Kampung Seri Aman"
2,"Kampung Tanah Periok"
2,"Kampung Tanjong"
2,"Kampung Tanjong Merbau"
2,"Kampung Telok Charok Bemban"
2,"Kampung Telok Durian"
2,"Kampung Telok Jamal"
2,"Kampung Tengah"
2,"Kampung Tiak"
2,"Kampung Tok Saba"
2,Kupang
2,"Padang Lengkuas"
2,"Parit Panjang"
2,"Taman Bemban"
2,"Taman Desa Cempa"
2,"Taman Harapan"
2,"Taman Mas"
2,"Taman Mesra"
2,"Taman Permai"
2,"Taman Seri Mawar"
2,"Taman Sri Landak"
2,"Taman Wawasan"
2,"TamanDesa Mawar"
2,"Tebing Tinggi"
2,"Felcra Bukit Hijau"
2,"Felda Teloi Kanan"
2,"Felda Teloi Timur"
2,"Kampung Batu"
2,"Kampung Batu 1"
2,"Kampung Jawa"
2,"Kampung Kuala Bakong"
2,"Kampung Tanjong Puteri"
2,"Kampung Teloi Kanan"
2,"Kampung Teloi Timur"
2,"Kampung Tembak"
2,Kejai
2,"Kuala Ketil"
2,"Merbau Pulas"
2,"Teluk Petata"
2,"Kampung Baru Tawar"
2,"Kampung Binjoi Luar"
2,"Kampung Charok Akar"
2,"Kampung Surau Bakai"
2,"Teloi Kanan"
2,"Kampung Banggol"
2,"Kampung Bukit Sidam"
2,"Kampung Deka"
2,"Kampung Ekor Kucing"
2,"Kampung Gajah Merangkak"
2,"Kampung Guar Lobak"
2,"Kampung Keda (Mukim Naga Lilit)"
2,"Kampung Kemumbong"
2,"Kampung Kong Kedah"
2,"Kampung Kuala Jerong"
2,"Kampung Kuala Sedim"
2,"Kampung Kubang Sapi"
2,"Kampung Ladang Bukit Selarong"
2,"Kampung Ladang Padang Meiha"
2,"Kampung Lesong Tujuh"
2,"Kampung Lubok Saga"
2,"Kampung Naga Lilit"
2,"Kampung Padang Buluh"
2,"Kampung Pantai Ali"
2,"Kampung Pantai Edau"
2,"Kampung Pantai Perai"
2,"Kampung Paya Jemerli"
2,"Kampung Paya Union"
2,"Kampung Permatang Durian"
2,"Kampung Permatang Tok Dik"
2,"Kampung Seberang Paya"
2,"Kampung Siam"
2,"Kampung Sidam (Kiri & Kanan)"
2,"Kampung Tanjong Belit"
2,"Kampung Telok Binu"
2,"Kampung Telok Sera"
2,"Kampung Terat Batu"
2,"Kampung Tesong Tujuh"
2,"Kampung Tok Iman"
2,"Kampung Ujung Padang"
2,"Kampung Ujung Tanjong"
2,"Padang Serai"
2,"Sidam Kiri"
2,"Taman Damai"
2,"Taman Lagenda"
2,"Taman Mahsuri"
2,"Taman Melor Indah"
2,"Taman Raya Indah"
2,"Taman Serai Ria"
2,"Taman Serai Setia"
2,Tawar
2,"Kampung Baru Bukit Karangan"
2,"Kampung Kuala Bunut"
2,"Kampung Kuala Sidim"
2,"Kampung Ladang Bukit Karangan"
2,"Kampung Paya Kelubi"
2,"Kampung Titi Karangan"
2,"Sungai Karangan"
2,"Taman Desa Aman (Sungai Karangan)"
2,"Taman Kenangan (Sungai Karangan)"
2,"Taman Serai Wangi"
2,"Flat Kulim Square"
2,"Industri Makmur"
2,"Kampung Balik Bukit"
2,"Kampung Batu 6"
2,"Kampung Batu 8 1/2"
2,"Kampung Bukit Kukus"
2,"Kampung Bukit Lada"
2,"Kampung Bukit Sarang Ayam"
2,"Kampung Jalan Ara Kuda"
2,"Kampung Matang"
2,"Kampung Padang China"
2,"Kampung Paya Besar"
2,"Kampung Paya Serdang"
2,"Kampung Siam"
2,"Kampung Sungai Limau"
2,Lunas
2,"Sungai Seluang"
2,"Taman Cili"
2,"Taman Delima"
2,"Taman Desa Permai 2"
2,"Taman Desa Seni"
2,"Taman Halia"
2,"Taman Kangkong 3"
2,"Taman Kempas Merah"
2,"Taman Kota Kenari"
2,"Taman Melor Indah 2"
2,"Taman Merawan"
2,"Taman Murni Indah"
2,"Taman Perusahaan Saujana"
2,"Taman Sejahtera"
2,"Taman Sejahtera Jaya"
2,"Taman Seri Mahkota"
2,"Taman Seri Mesra"
2,"Taman Simponi"
2,"Taman Sutera"
2,"Titi Karangan"
2,"Batu 10 ½"
2,"Bukit Sang"
2,"Felda Gunung Bongsu"
2,"Kampung Badang"
2,"Kampung Baru Lubok Gajah"
2,"Kampung Baru Mahang"
2,"Kampung Baru Sedim"
2,"Kampung Baru Sungai Kob"
2,"Kampung Batu 8 ¼"
2,"Kampung Batu Puteh"
2,"Kampung Belakang Seberang Jaya"
2,"Kampung Bonggol Penyengat"
2,"Kampung Bukit Kubu"
2,"Kampung Bukit Kubur"
2,"Kampung Bukit Payung"
2,"Kampung Bukit Rawa"
2,"Kampung Cherok Kedah"
2,"Kampung Chetty"
2,"Kampung Dingin"
2,"Kampung Gelugor"
2,"Kampung Gunong Bongsu"
2,"Kampung Jalan Baru Sedim"
2,"Kampung Jangkang"
2,"Kampung Karangan"
2,"Kampung Kemunting"
2,"Kampung Kepala Titi"
2,"Kampung Kuala Tawar"
2,"Kampung Kuala Teruna"
2,"Kampung Lindungan Raja"
2,"Kampung LOBAK"
2,"Kampung Lubok Gajah"
2,"Kampung Merbok"
2,"Kampung Padang Belon"
2,"Kampung Padang China"
2,"Kampung Padang China (Lunas)"
2,"Kampung Padang Kelian"
2,"Kampung Padang Limau"
2,"Kampung Padang Patung(Kampung Baru)"
2,"Kampung Pagar Museh"
2,"Kampung Paya"
2,"Kampung Rancangan Batu putih"
2,"Kampung Seberang Jaya"
2,"Kampung Seberang Sungai (Sungai Kob)"
2,"Kampung Sedim"
2,"Kampung Selarong Panjang"
2,"Kampung Simpang Tiga Pokok Gelugor"
2,"Kampung Sungai Badak"
2,"Kampung Sungai Buluh"
2,"Kampung Sungai Kob"
2,"Kampung Sungai Pasir Dalam"
2,"Kampung Sungai Pasir Luar"
2,"Kampung Tambahan Sungai Kob"
2,"Kampung Tebok"
2,"Kampung Tebuan"
2,"Kampung Ulu Mahang"
2,"Kampung Ulu Riau"
2,"Kampung Ulu Tawar"
2,Karangan
2,"Kilang Kelapa Sawit Setiakawan"
2,"Ladang Dublin"
2,"Ladang Erico"
2,"Ladang Guthrie Dublin"
2,"Ladang Lean Seng"
2,Mahang
2,"Maryland Estate"
2,"Padang Janggus"
2,Pahau
2,"Pekan Sungai Kob"
2,"Perpustakaan Sedim"
2,"Petronas Taman Mutiara (Raudah)"
2,"PUSPEN Karangan (AADK)"
2,"Sekolah Jenis Kebangsaan Cina Khai Min"
2,"Sekolah Jenis Kebangsaan Cina Kong Min"
2,"Sekolah Kebangsaan Badang"
2,"Sekolah Kebangsaan Pagar Museh"
2,"Sekolah Kebangsaan Sedim"
2,"Sekolah Kebangsaan Sri Lindungan Raja"
2,"Sekolah Kebangsaan Sungai Kob"
2,"Sekolah Kebangsaan Ulu Tawar"
2,"Sekolah Menegah Agama Insaniah "
2,"Sekolah Menengah Kebangsaan Sungai Kob"
2,"Simpang Tiga"
2,"Simpang Tiga Karangan"
2,"Sungai Kob"
2,"Taman Mutiara"
2,"Taman Sepilai"
2,"Taman Sri Karangan"
2,"Taman Sungai Kob"
2,"Kampung Badlishah"
2,"Kampung Banggol Durian"
2,"Kampung Banggol Limau"
2,"Kampung Baru Serdang"
2,"Kampung Batu 10"
2,"Kampung Batu 12"
2,"Kampung Batu 16"
2,"Kampung Batu Ayer Putih"
2,"Kampung Batu Hampar"
2,"Kampung Batu Lintang"
2,"Kampung Bendang Sera"
2,"Kampung Bukit Aping"
2,"Kampung Bukit Buluh"
2,"Kampung Chelong"
2,"Kampung Durian Burong"
2,"Kampung Jermai"
2,"Kampung Kuala Ayer Putih"
2,"Kampung Kuala Dingin"
2,"Kampung Leret"
2,"Kampung Medan"
2,"Kampung Paya Salak"
2,"Kampung Pekan Lama"
2,"Kampung Setali"
2,"Kampung Sungai Buluh"
2,"Kampung Sungai Kasai"
2,"Kampung Sungai Salleh"
2,"Kampung Sungai Setol"
2,"Kampung Sungai Taka"
2,"Kampung Sungai Tegas"
2,"Kampung Sungai Tegas Terap"
2,"Kampung Telok Kelian"
2,"Kampung Telok Sera"
2,"Kampung Tengah"
2,"Kampung Terap"
2,"Kampung Titi Akar"
2,"Ladang Chim Khoon"
2,"Ladang Somme"
2,"Lubuk Buntar"
2,"Perumahan Awam 1 & 2"
2,Serdang
2,"Sungai Batu"
2,"Taman Aked"
2,"Taman Cempaka"
2,"Taman Kenanga"
2,"Taman Melor"
2,"Ulu Riau"
2,"Kampung Chong Meng"
2,"Kampung Kuala Selama"
2,"Kampung Masjid"
2,"Kampung Permatang Buluh"
2,"Kampung Sembilan Relong"
2,"Kampung Seribu Relong"
2,"Kampung Sungai Itam"
2,"Kampung Sungai Terap"
2,"Kampung Terap Dalam"
2,Selama
2,"Sungai Itam Dalam"
2,"Taman Serdang"
2,"Jalan Klinik Relau"
2,"Jalan Pintu Air"
2,"Jalan Sungai Rambai"
2,"Kampung 300 Kaki Relau"
2,"Kampung Kilang Batu Relau"
2,"Kampung Maka Suah"
2,"Kampung Padang Relau"
2,"Kampung Paya Kemian"
2,"Kampung Paya Semambu Relau"
2,"Kampung Relau Bandar Baru"
2,"Kampung Sungai Rambai"
2,"Kampung Tengah Pekan Relau"
2,"Kampung Ulu Relau"
2,"Kerian Kedah Estate"
2,"Lintang Relau Indah 1 - 3"
2,"Relau (Kedah)"
2,"Taman Relau Indah"
2,"Kampung Balai Lama Sungai Kecil"
2,"Kampung Baru Sungai Buaya Sungai Kecil"
2,"Kampung Belakang Pekan Sungai Kecil"
2,"Kampung Besar Sungai Buaya Sungai Kecil"
2,"Kampung Keda Sungai Kecil Hilir"
2,"Kampung Masjid Sungai Kecil Hilir"
2,"Kampung Padang Sungai Kecil Hilir"
2,"Kampung Sungai Buaya"
2,"Pekan Sungai Kecil Hilir"
2,"PPRT Kampung Keda"
2,"Sungai Kecil Hilir"
2,"Sungai Kecil Kem"
2,"Bagan Samak"
2,"Bandar Baharu"
2,"Kampung Asam Kumbang"
2,"Kampung Batu 26"
2,"Kampung Besar"
2,"Kampung Bukit Tok Gula"
2,"Kampung Jalan Bukit Taban"
2,"Kampung Jalan Bukit Tebuan"
2,"Kampung Kubu"
2,"Kampung Matang"
2,"Kampung Matang Simpor"
2,"Kampung Parit Nibong"
2,"Kampung Parit Teropong"
2,"Kampung Pasir Debu"
2,"Kampung Permatang Pasir"
2,"Kampung Sungai Tepus"
2,"Kampung Tebok Mat Rashid"
2,"Sungai Kechil Ulu"
